Key,Screen/Context,English,Urdu,Roman Urdu,Notes
languageSectionTitle,Settings / Language selector,Preferences,ترجیحات,Settings,Settings section heading above the language row
languageRowLabel,Settings / Language selector,Language,زبان,Zaban,Settings row that opens the language selector
languageSheetTitle,Settings / Language selector,Choose your language,اپنی زبان منتخب کریں,Apni zaban chunein,Title of the language selector bottom sheet
authRoleQuestion,Authentication,What would you like to do on HandyGo?,HandyGo پر آپ کیا کرنا چاہتے ہیں؟,HandyGo par aap kya karna chahte hain?,Role selection screen heading
authRoleClientTitle,Authentication,I need an Ustaad for work at home,مجھے گھر کے کام کے لیے استاد چاہیے,Mujhe ghar ke kaam ke liye Ustaad chahiye,
authRoleClientSubtitle,Authentication,Book verified Ustaads and get your work done easily.,تصدیق شدہ استاد بک کریں اور اپنا کام آسانی سے کروائیں۔,Verified Ustaad book karein aur apna kaam asaani se karwayein.,
authRoleWorkerTitle,Authentication,I am an Ustaad and want to find work,میں استاد ہوں اور کام حاصل کرنا چاہتا ہوں,Main Ustaad hoon aur kaam hasil karna chahta hoon,
authRoleWorkerSubtitle,Authentication,Join HandyGo and find work that matches your skills.,HandyGo جوائن کریں اور اپنی مہارت کے مطابق کام حاصل کریں۔,HandyGo join karein aur apni skill ke mutabiq kaam hasil karein.,
authWorkerTypeQuestion,Authentication,"Are you already a HandyGo
Ustaad?","کیا آپ پہلے سے HandyGo
استاد ہیں؟","Aap pehle se HandyGo
Ustaad hain?",Ustaad new-or-existing screen heading. The line break is deliberate.
authWorkerTypeNewTitle,Authentication,I am a new Ustaad,میں نیا استاد ہوں,Main naya Ustaad hoon,
authWorkerTypeNewSubtitle,Authentication,Create your new account on HandyGo.,HandyGo پر اپنا نیا اکاؤنٹ بنائیں۔,HandyGo par apna naya account banayein.,
authWorkerTypeExistingTitle,Authentication,I already have an account,میرا اکاؤنٹ پہلے سے بنا ہوا ہے,Mera account pehle se bana hua hai,
authWorkerTypeExistingSubtitle,Authentication,Log in to your account with OTP or password.,OTP یا پاس ورڈ سے اپنے اکاؤنٹ میں لاگ اِن کریں۔,OTP ya password se apne account mein login karein.,
authWelcomeToastTitle,Authentication,"Welcome, {name}!",خوش آمدید، {name}!,"Khush aamdeed, {name}!",Placeholders: {name} | Toast after sign-in. {name} is the user's own name and is never translated.
authWelcomeToastSubtitle,Authentication,Your account is ready to go.,آپ کا اکاؤنٹ تیار ہے۔,Aap ka account tayyar hai.,
authOtpExpired,Authentication,The code has expired. Request a new one.,کوڈ ختم ہو گیا ہے۔ نیا کوڈ منگوائیں۔,Code expire ho gaya hai. Naya code mangwayein.,
authOtpExpiresIn,Authentication,Code expires in {time},کوڈ {time} میں ختم ہوگا,Code {time} mein expire hoga,Placeholders: {time} | Countdown until the OTP stops working
authOtpResendCooldown,Authentication,Resend code ({seconds}s),کوڈ دوبارہ بھیجیں ({seconds}s),Code dobara bhejein ({seconds}s),Placeholders: {seconds}
authOtpResend,Authentication,Resend code,کوڈ دوبارہ بھیجیں,Code dobara bhejein,
authFieldFullName,Authentication,Your full name,آپ کا پورا نام,Aap ka poora naam,
authFieldFullNameShort,Authentication,Full name,پورا نام,Pura Naam,
authHintFullName,Authentication,Enter your full name,اپنا پورا نام لکھیں,Apna poora naam likhein,
authFieldMobileNumber,Authentication,Mobile number,موبائل نمبر,Mobile number,
authFieldMobileNumberTitle,Authentication,Mobile Number,موبائل نمبر,Mobile Number,
authFieldPassword,Authentication,Password,پاس ورڈ,Password,
authFieldConfirmPassword,Authentication,Re-enter password,پاس ورڈ دوبارہ لکھیں,Password Dobara Likhein,
authValidationNameRequired,Authentication,Please enter your name.,اپنا نام لکھیں۔,Poora naam likhein.,
authValidationPhoneRequired,Authentication,Please enter a mobile number.,موبائل نمبر لکھیں۔,Mobile number likhein.,
authValidationPhoneInvalid,Authentication,Please enter a valid Pakistani mobile number.,درست پاکستانی موبائل نمبر لکھیں۔,Sahi Pakistani mobile number likhein.,
authValidationPasswordRequired,Authentication,Please enter a password.,پاس ورڈ لکھیں۔,Password likhein.,
authValidationPasswordTooShort,Authentication,Password must be at least 8 characters.,پاس ورڈ کم از کم 8 حروف کا ہونا چاہیے۔,Password kam az kam 8 characters ka hona chahiye.,
authValidationConfirmPasswordRequired,Authentication,Please re-enter your password.,پاس ورڈ دوبارہ لکھیں۔,Password dobara likhein.,
authValidationPasswordsDoNotMatch,Authentication,Passwords do not match.,پاس ورڈ آپس میں نہیں ملتے۔,Passwords match nahi karte.,
authClientLoginTitle,Authentication,"Log in to book
an Ustaad","استاد بک کرنے کے لیے
لاگ اِن کریں","Ustaad book karne ke liye
login karein",Client sign-in heading. The line break is deliberate.
authClientOtpSubtitle,Authentication,Enter your name and mobile number. We will send a verification code.,اپنا نام اور موبائل نمبر لکھیں۔ ہم ویریفیکیشن کوڈ بھیجیں گے۔,Apna naam aur mobile number dalain. Hum verification code bhejein ge.,
authClientPasswordSubtitle,Authentication,Continue with your mobile number and password.,اپنے موبائل نمبر اور پاس ورڈ سے آگے بڑھیں۔,Apna mobile number aur password se continue karein.,
authOtpWillBeSentNotice,Authentication,A verification code will be sent to this number.,اس نمبر پر ویریفیکیشن کوڈ بھیجا جائے گا۔,Is number par verification code bheja jayega.,
authButtonSendCode,Authentication,Send Code,کوڈ بھیجیں,Code Bhejein,
authButtonVerifyAndContinue,Authentication,Verify and Continue,ویریفائی کر کے آگے بڑھیں,Verify Karke Aage Barhein,
authButtonLogIn,Authentication,Log In,لاگ اِن کریں,Login Karein,
authButtonCreateAccount,Authentication,Create Account,اکاؤنٹ بنائیں,Account Banayein,
authButtonForgotPassword,Authentication,Forgot password?,پاس ورڈ بھول گئے؟,Password Bhool Gaye?,
authButtonContinueWithOtp,Authentication,Continue with OTP,OTP سے آگے بڑھیں,OTP se Continue,
authButtonContinueWithPassword,Authentication,Continue with password,پاس ورڈ سے آگے بڑھیں,Password se Continue,
authButtonUstaadLogin,Authentication,Ustaad Login,استاد لاگ اِن,Ustaad Login,
authErrorGeneric,Authentication,Something went wrong.,کچھ غلط ہو گیا۔,Kuch ghalat ho gaya.,
authErrorOtpSendFailed,Authentication,"The OTP could not be sent right now. Continue with your password, or try again shortly.",OTP فی الحال نہیں بھیجا جا سکا۔ پاس ورڈ سے آگے بڑھیں یا تھوڑی دیر بعد دوبارہ کوشش کریں۔,OTP filhal send nahi ho saka. Password se continue karein ya thori dair baad dobara koshish karein.,
commonCancel,Shared,Cancel,منسوخ کریں,Cancel,
commonSave,Shared,Save,محفوظ کریں,Save,
commonDelete,Shared,Delete,ڈیلیٹ کریں,Delete,
commonRetry,Shared,Retry,دوبارہ کوشش کریں,Dobara koshish karein,
commonUser,Shared,User,صارف,User,
commonYesterday,Shared,Yesterday,کل,Kal,
commonUploading,Shared,Uploading...,اپ لوڈ ہو رہا ہے...,Upload ho raha hai...,
chatTitleFallback,Chat & Support,Chat,چیٹ,Chat,
chatListTitle,Chat & Support,Messages,پیغامات,Messages,
chatSearchHint,Chat & Support,Search chats or type “support”,چیٹ ڈھونڈیں یا ”support“ لکھیں,Chat dhoondein ya “support” likhein,
chatEmptyTitle,Chat & Support,No conversations yet,ابھی کوئی گفتگو نہیں,Abhi koi baat cheet nahi,
chatEmptySubtitle,Chat & Support,Messages will appear here,پیغامات یہاں نظر آئیں گے,Messages yahan nazar aayenge,
chatNoResultsTitle,Chat & Support,No chats found,کوئی چیٹ نہیں ملی,Koi chat nahi mili,
chatNoResultsSubtitle,Chat & Support,"Try a different name, or search “support”",کوئی اور نام آزمائیں، یا ”support“ لکھیں,"Koi aur naam try karein, ya “support” likhein",
chatNoMessagesYet,Chat & Support,No messages yet. Say hello!,ابھی کوئی پیغام نہیں۔ سلام کریں!,Abhi koi message nahi. Salam karein!,
chatSupportBanner,Chat & Support,Write your problem or question here. HandyGo Support will help you.,اپنا مسئلہ یا سوال یہاں لکھیں۔ HandyGo Support آپ کی مدد کرے گا۔,Apna masla ya sawal yahan likhein. HandyGo Support aapki madad karega.,
chatEditMessage,Chat & Support,Edit message,پیغام میں تبدیلی,Message edit karein,
chatEditHint,Chat & Support,Edit your message...,اپنا پیغام تبدیل کریں...,Apna message edit karein...,
chatDeleteMessage,Chat & Support,Delete message,پیغام ڈیلیٹ کریں,Message delete karein,
chatDeleteConfirm,Chat & Support,This message will be deleted for everyone in the chat.,یہ پیغام چیٹ میں سب کے لیے ڈیلیٹ ہو جائے گا۔,Ye message chat mein sab ke liye delete ho jayega.,
chatMicPermissionRequired,Chat & Support,Microphone permission is needed to send a voice message.,وائس میسج بھیجنے کے لیے مائیکروفون کی اجازت درکار ہے۔,Voice message bhejne ke liye microphone ki ijazat chahiye.,
chatLocationPermissionDenied,Chat & Support,Location permission denied,لوکیشن کی اجازت نہیں دی گئی,Location ki ijazat nahi di gayi,
chatLocationPermissionPermanentlyDenied,Chat & Support,Location permission permanently denied — enable it in Settings,لوکیشن کی اجازت مستقل بند ہے — سیٹنگز میں جا کر آن کریں,Location ki ijazat permanently band hai — Settings mein jaa kar on karein,
chatLocationFailed,Chat & Support,Could not get your location: {error},آپ کی لوکیشن حاصل نہیں ہو سکی: {error},Aap ki location nahi mil saki: {error},Placeholders: {error}
weekdayMon,Core / Date formatting,Mon,پیر,Peer,
weekdayTue,Core / Date formatting,Tue,منگل,Mangal,
weekdayWed,Core / Date formatting,Wed,بدھ,Budh,
weekdayThu,Core / Date formatting,Thu,جمعرات,Jumeraat,
weekdayFri,Core / Date formatting,Fri,جمعہ,Juma,
weekdaySat,Core / Date formatting,Sat,ہفتہ,Hafta,
weekdaySun,Core / Date formatting,Sun,اتوار,Itwar,
commonContinue,Shared,Continue,آگے بڑھیں,Aage Barhein,
commonNotNow,Shared,Not now,ابھی نہیں,Abhi nahi,
commonToday,Shared,Today,آج,Aaj,
commonOpenSettings,Shared,Open Settings,سیٹنگز کھولیں,Settings kholein,
permissionsTitle,Core / Permissions,Allow permissions,اجازتیں دیں,Ijazat dein,
permissionsRationale,Core / Permissions,"HandyGo needs camera, microphone, and location permissions so you can upload photos and videos, send voice notes, and share or track job location.",HandyGo کو کیمرہ، مائیکروفون اور لوکیشن کی اجازت چاہیے تاکہ آپ تصاویر اور ویڈیو بھیج سکیں، وائس نوٹ بھیج سکیں، اور کام کی لوکیشن شیئر یا ٹریک کر سکیں۔,"HandyGo ko camera, microphone aur location ki ijazat chahiye taake aap photos aur videos bhej sakein, voice note bhej sakein, aur kaam ki location share ya track kar sakein.",
permissionsBlockedTitle,Core / Permissions,Permissions blocked,اجازتیں بند ہیں,Ijazat band hai,
permissionsBlockedBody,Core / Permissions,Some permissions were permanently denied. Open Settings to enable them manually.,کچھ اجازتیں مستقل طور پر بند کر دی گئی ہیں۔ انہیں دوبارہ آن کرنے کے لیے سیٹنگز کھولیں۔,Kuch ijazat permanently band kar di gayi hain. Unhein dobara on karne ke liye Settings kholein.,
generalInfoTitle,Settings / General info,General,جنرل,General,
generalAccountSection,Settings / General info,Account Info,اکاؤنٹ کی معلومات,Account ki maloomat,
generalFirstName,Settings / General info,First Name,پہلا نام,Pehla Naam,
generalLastName,Settings / General info,Last Name,آخری نام,Aakhri Naam,
generalPhoneNumber,Settings / General info,Phone Number,فون نمبر,Phone Number,
generalNamePhoneLocked,Settings / General info,Name and phone are managed by your account and cannot be changed here.,نام اور فون نمبر آپ کے اکاؤنٹ سے منسلک ہیں اور یہاں سے تبدیل نہیں کیے جا سکتے۔,Naam aur phone number aap ke account se juday hain aur yahan se change nahi ho sakte.,
generalSecuritySection,Settings / General info,Security,سیکیورٹی,Security,
generalChangePassword,Settings / General info,Change Password,پاس ورڈ تبدیل کریں,Password Change Karein,
generalCurrentPassword,Settings / General info,Current Password,موجودہ پاس ورڈ,Mojooda Password,
generalNewPassword,Settings / General info,New Password,نیا پاس ورڈ,Naya Password,
generalConfirmNewPassword,Settings / General info,Re-enter new password,نیا پاس ورڈ دوبارہ لکھیں,Naya Password Dobara Likhein,
generalChangePasswordComingSoon,Settings / General info,Changing your password in the app is coming soon. Contact support if you need help right away.,ایپ میں پاس ورڈ تبدیل کرنے کی سہولت جلد آ رہی ہے۔ فوری مدد کے لیے سپورٹ سے رابطہ کریں۔,App mein password change karne ki sahulat jald aa rahi hai. Foran madad ke liye support se raabta karein.,
generalUpdatePassword,Settings / General info,Update Password,پاس ورڈ اپ ڈیٹ کریں,Password Update Karein,
distanceAtYourLocation,Core / Distance formatting,Right at your location,بالکل آپ کی جگہ پر,Bilkul aap ki jagah par,
distanceMetersAway,Core / Distance formatting,{meters} m away,{meters} میٹر دور,{meters} m door,Placeholders: {meters}
distanceKmAway,Core / Distance formatting,{km} km away,{km} کلومیٹر دور,{km} km door,Placeholders: {km}
distanceUnderOneKm,Core / Distance formatting,< 1 km away,1 کلومیٹر سے کم,1 km se kam,
notificationsTitle,Notifications,Notifications,اطلاعات,Notifications,
notificationsMarkAllRead,Notifications,Mark all read,سب پڑھا ہوا نشان زد کریں,Sab read mark karein,
notificationsEmptyTitle,Notifications,No notifications yet,ابھی کوئی اطلاع نہیں,Abhi koi notification nahi,
notificationsEmptySubtitle,Notifications,"You will be notified about job updates,
reviews, and more.",کام کی اپ ڈیٹس، ریویوز اور مزید کی اطلاع آپ کو دی جائے گی۔,"Kaam ki updates, reviews aur mazeed ki ittila aap ko di jayegi.",
timeJustNow,Core / Relative time,Just now,ابھی ابھی,Abhi abhi,
timeMinutesAgo,Core / Relative time,{minutes}m ago,{minutes} منٹ پہلے,{minutes}m pehle,Placeholders: {minutes}
timeHoursAgo,Core / Relative time,{hours}h ago,{hours} گھنٹے پہلے,{hours}h pehle,Placeholders: {hours}
workerRatingNew,Ustaad,New worker,نیا استاد,Naya Ustaad,
workerRatingNone,Ustaad,No rating,کوئی ریٹنگ نہیں,Koi rating nahi,
workerRatingWithJobs,Ustaad,"{rating} ({count, plural, =1{{count} job} other{{count} jobs}})","{rating} ({count, plural, =1{{count} کام} other{{count} کام}})","{rating} ({count, plural, =1{{count} kaam} other{{count} kaam}})","Placeholders: {count}, {rating} | ICU plural — keep the plural syntax intact"
chatSeen,Chat & Support,Seen,دیکھ لیا,Dekh liya,
chatMessageDeleted,Chat & Support,This message was deleted,یہ پیغام ڈیلیٹ کر دیا گیا,Ye message delete kar diya gaya,
chatEdited,Chat & Support,edited,تبدیل شدہ,edited,
chatCouldNotOpenMaps,Chat & Support,Could not open maps,نقشہ نہیں کھل سکا,Map nahi khul saka,
chatSharedLocation,Chat & Support,Shared location,لوکیشن بھیجی گئی,Location bheji gayi,
chatComposerHint,Chat & Support,Type a message...,پیغام لکھیں...,Message likhein...,
chatAttachPhoto,Chat & Support,Photo,تصویر,Photo,
chatAttachVideo,Chat & Support,Video,ویڈیو,Video,
chatAttachVoice,Chat & Support,Voice,وائس,Voice,
chatAttachLocation,Chat & Support,Location,لوکیشن,Location,
chatTakePhoto,Chat & Support,Take Photo,تصویر لیں,Photo lein,
chatRecordVideo,Chat & Support,Record Video,ویڈیو بنائیں,Video banayein,
monthJan,Core / Date formatting,Jan,جنوری,Jan,
monthFeb,Core / Date formatting,Feb,فروری,Feb,
monthMar,Core / Date formatting,Mar,مارچ,Mar,
monthApr,Core / Date formatting,Apr,اپریل,Apr,
monthMay,Core / Date formatting,May,مئی,May,
monthJun,Core / Date formatting,Jun,جون,Jun,
monthJul,Core / Date formatting,Jul,جولائی,Jul,
monthAug,Core / Date formatting,Aug,اگست,Aug,
monthSep,Core / Date formatting,Sep,ستمبر,Sep,
monthOct,Core / Date formatting,Oct,اکتوبر,Oct,
monthNov,Core / Date formatting,Nov,نومبر,Nov,
monthDec,Core / Date formatting,Dec,دسمبر,Dec,
dateDayMonthYear,Core / Date formatting,{day} {month} {year},{day} {month} {year},{day} {month} {year},"Placeholders: {day}, {month}, {year}"
authPasswordResetSuccess,Authentication,Your password has been changed successfully.,آپ کا پاس ورڈ کامیابی سے تبدیل ہو گیا ہے۔,Aap ka password kamyabi se badal diya gaya hai.,
authForgotPasswordPrompt,Authentication,Enter your registered mobile number,اپنا رجسٹرڈ موبائل نمبر لکھیں,Apna registered mobile number dalain,
authSendOtp,Authentication,Send OTP,OTP بھیجیں,OTP Bhejein,
authNewPasswordRequired,Authentication,Please enter a new password.,نیا پاس ورڈ لکھیں۔,Naya password likhein.,
authOr,Authentication,Or,یا,Ya phir,
authLoginWithPassword,Authentication,Log In With Password,پاس ورڈ سے لاگ اِن کریں,Password Se Login Karein,
authWorkerRegisterTitle,Authentication,"Create a new Ustaad
account","نیا استاد اکاؤنٹ
بنائیں","Naya Ustaad account
banayein",
authCnicNameHint,Authentication,Enter your full name exactly as on your CNIC,اپنا پورا نام بالکل ویسے لکھیں جیسے آپ کے شناختی کارڈ پر ہے,Apne CNIC wala poora naam dalain,
authCreatePasswordLabel,Authentication,Create a password,پاس ورڈ بنائیں,Password banayein,
authSelectSkill,Authentication,Select your skill,اپنی مہارت منتخب کریں,Apni skill select karein,
authSkillsLoadFailed,Authentication,Skills could not load. Please try again.,مہارتیں لوڈ نہیں ہو سکیں۔ دوبارہ کوشش کریں۔,Skills load nahi ho sakin. Dobara koshish karein.,
authSkillRequired,Authentication,Please select a skill.,کوئی مہارت منتخب کریں۔,Skill select karein.,
authConfirmNewPasswordButton,Authentication,Confirm New Password,نیا پاس ورڈ کنفرم کریں,Naya Password Confirm Karein,
postJobOffersSoon,Uncategorised,You will start getting Ustaad offers within minutes.,چند ہی منٹ میں آپ کو استادوں کی آفرز ملنا شروع ہو جائیں گی۔,Chand hi minute mein aap ko Ustaad ki offers milna shuru ho jayengi.,
postJobSelectDateTimeFirst,Uncategorised,Select date and time to continue.,آگے بڑھنے کے لیے تاریخ اور وقت منتخب کریں۔,Aage barhne ke liye date aur time chunain.,
postJobGoesLiveAt,Uncategorised,Job goes live at {time} on {date} — 1 hour before the Ustaad arrival time.,کام {date} کو {time} بجے لائیو ہوگا — استاد کے پہنچنے کے وقت سے ایک گھنٹہ پہلے۔,Kaam {date} ko {time} baje live hoga — Ustaad ke pohanchne ke waqt se ek ghanta pehle.,"Placeholders: {date}, {time}"
postJobAddPhotoVideo,Uncategorised,Add Photo/Video,تصویر یا ویڈیو شامل کریں,Photo/Video shamil karein,
postJobChoosePhoto,Uncategorised,Choose Photo,تصویر منتخب کریں,Photo chunain,
postJobChooseVideo,Uncategorised,Choose Video - 30 sec,ویڈیو منتخب کریں - 30 سیکنڈ,Video chunain - 30 sec,
postJobCamera,Uncategorised,Camera,کیمرہ,Camera,
postJobRecordVideo30,Uncategorised,Record Video - 30 sec,ویڈیو بنائیں - 30 سیکنڈ,Video banayein - 30 sec,
errorNoInternet,Core / Errors,No internet connection. Please check your network.,انٹرنیٹ کنکشن نہیں ہے۔ اپنا نیٹ ورک چیک کریں۔,Internet connection nahi hai. Apna network check karein.,
postJobSaveFailed,Uncategorised,Unable to save booking. Please try again.,بکنگ محفوظ نہیں ہو سکی۔ دوبارہ کوشش کریں۔,Booking save nahi ho saki. Dobara koshish karein.,
postJobBookingUpdatedTitle,Uncategorised,Booking Updated!,بکنگ اپ ڈیٹ ہو گئی!,Booking update ho gayi!,
postJobBookingUpdatedBody,Uncategorised,Your booking details have been updated successfully.,آپ کی بکنگ کی تفصیلات کامیابی سے اپ ڈیٹ ہو گئی ہیں۔,Aap ki booking ki tafseelat kamyabi se update ho gayi hain.,
postJobViewBooking,Uncategorised,View Booking,بکنگ دیکھیں,Booking dekhein,
postJobSelectService,Uncategorised,Select Service,سروس منتخب کریں,Service chunain,
postJobServicesLoadFailed,Uncategorised,Failed to load services. Please restart the app.,سروسز لوڈ نہیں ہو سکیں۔ ایپ دوبارہ کھولیں۔,Services load nahi ho sakin. App dobara kholein.,
postJobBookingType,Uncategorised,Booking Type,بکنگ کی قسم,Booking ki qism,
postJobNormal,Uncategorised,Normal,عام,Normal,
postJobUrgent,Uncategorised,Urgent,فوری,Urgent,
postJobDateTime,Uncategorised,Date & Time,تاریخ اور وقت,Date aur Time,
postJobArrivalTime,Uncategorised,Arrival time,پہنچنے کا وقت,Pohanchne ka waqt,
postJobWhatNeedsFixing,Uncategorised,What needs fixing?,کیا ٹھیک کرانا ہے؟,Kya theek karana hai?,
postJobIssueHint,Uncategorised,"e.g. AC not cooling, water leaking, switch not working",مثلاً اے سی ٹھنڈا نہیں کر رہا، پانی لیک ہو رہا ہے، سوئچ کام نہیں کر رہا,"Maslan AC thanda nahi kar raha, paani leak ho raha hai, switch kaam nahi kar raha",
postJobDescription,Uncategorised,Description,تفصیل,Tafseel,
postJobDescriptionHint,Uncategorised,Describe the issue (optional),مسئلہ بیان کریں (اختیاری),Masla bayan karein (optional),
postJobServiceAddress,Uncategorised,Service Address,سروس کا پتہ,Service ka pata,
postJobAddressHint,Uncategorised,"e.g. House 12, Street 5, DHA Phase 6, Karachi",مثلاً مکان 12، گلی 5، ڈی ایچ اے فیز 6، کراچی,"Maslan House 12, Street 5, DHA Phase 6, Karachi",
postJobAddLocationFirst,Uncategorised,Add your location to continue.,آگے بڑھنے کے لیے اپنی لوکیشن شامل کریں۔,Aage barhne ke liye apni location shamil karein.,
postJobVoiceAndPhotos,Uncategorised,Voice note & photos,وائس نوٹ اور تصاویر,Voice note aur photos,
postJobVoiceAttached,Uncategorised,Voice note attached,وائس نوٹ لگا دیا گیا,Voice note laga diya gaya,
postJobAttachmentCount,Uncategorised,{count} of 4 · Photos or 30-sec video,4 میں سے {count} · تصاویر یا 30 سیکنڈ کی ویڈیو,4 mein se {count} · Photos ya 30-sec video,Placeholders: {count}
postJobAttachmentsWillBeRemoved,Uncategorised,"{count, plural, =1{{count} existing attachment will be removed on save.} other{{count} existing attachments will be removed on save.}}",محفوظ کرنے پر {count} پرانی فائلیں ہٹا دی جائیں گی۔,Save karne par {count} purani files hata di jayengi.,Placeholders: {count} | ICU plural — keep the plural syntax intact
postJobTapToRecord,Uncategorised,Tap to record — describe the problem in your own words,ریکارڈ کرنے کے لیے دبائیں — مسئلہ اپنے الفاظ میں بتائیں,Record karne ke liye dabayein — masla apne alfaz mein batayein,
postJobService,Uncategorised,Service,سروس,Service,
postJobWhatDoYouNeed,Uncategorised,What do you need?,آپ کو کیا چاہیے؟,Aap ko kya chahiye?,
postJobChooseOneOption,Uncategorised,Choose one option,ایک آپشن چنیں,Ek option chunain,
postJobUnderstandingIsOurJob,Uncategorised,Understanding the problem is our job — not yours.,مسئلہ سمجھنا ہمارا کام ہے — آپ کا نہیں۔,Masla samajhna hamara kaam hai — aapka nahi.,
postJobStandardWork,Uncategorised,Standard work,اسٹینڈرڈ کام,Standard kaam,
postJobStandardWorkSubtitle,Uncategorised,Work and price are clear upfront.,کام اور قیمت پہلے سے واضح۔,Kaam aur qeemat pehle se clear.,
postJobOr,Uncategorised,OR,یا,YA PHIR,
postJobIKnowThePart,Uncategorised,I know the exact part,مجھے پرزہ بالکل معلوم ہے,Mujhe exact part pata hai,
postJobIKnowThePartSubtitle,Uncategorised,"Ustaads send their rate, you choose",استاد اپنا ریٹ بھیجیں گے، آپ چنیں,"Ustaad rate bhejenge, aap chunain",
postJobIKnowThePartWarning,Uncategorised,"Only choose this if you are completely sure about the part. If it turns out wrong, the Ustaad visit is wasted and a new rate will apply.",یہ صرف اسی صورت میں چنیں جب پرزے کا پورا یقین ہو۔ غلط نکلا تو استاد کا چکر ضائع جائے گا اور نیا ریٹ لگے گا۔,Sirf tab chunain jab part ka poora yaqeen ho. Ghalat nikla to Ustaad ka chakkar zaya jayega aur naya rate lagega.,
postJobSomethingIsBroken,Uncategorised,Something is broken,کچھ خراب ہے,Kuch kharab hai,
postJobDontKnowIssue,Uncategorised,I do not know what the problem is,مسئلہ کیا ہے، یہ معلوم نہیں,"Masla kya hai, ye pata nahi",
postJobInspectionFeeTitle,Uncategorised,Inspection Fee,انسپیکشن فیس,Inspection Fee,
postJobNothingOpensBeforeRate,Uncategorised,Nothing is opened before the rate is given — what is quoted is what is charged.,ریٹ بتانے سے پہلے کچھ نہیں کھلتا — جو کہا، وہی لیا۔,"Rate batane se pehle kuch nahi khulta — jo kaha, wohi liya.",
postJobChooseStandardService,Uncategorised,Choose a standard service,اسٹینڈرڈ سروس منتخب کریں,Standard service chunain,
postJobServicesUnavailable,Uncategorised,Unable to load services. Please go back and try again.,سروسز لوڈ نہیں ہو سکیں۔ واپس جا کر دوبارہ کوشش کریں۔,Services load nahi ho sakin. Wapas jaa kar dobara koshish karein.,
postJobSelectCategoryFirst,Uncategorised,Select a service category first.,پہلے سروس کیٹیگری منتخب کریں۔,Pehle service category chunain.,
postJobStandardServicesUnavailable,Uncategorised,Unable to load standard services.,اسٹینڈرڈ سروسز لوڈ نہیں ہو سکیں۔,Standard services load nahi ho sakin.,
postJobNoStandardServices,Uncategorised,No standard services are available for this service yet. Please choose another option above.,اس سروس کے لیے ابھی کوئی اسٹینڈرڈ سروس دستیاب نہیں۔ اوپر سے کوئی اور آپشن منتخب کریں۔,Is service ke liye abhi koi standard service available nahi. Ooper se koi aur option chunain.,
postJobMultiSelectHint,Uncategorised,You can choose more than one service.,آپ ایک سے زیادہ سروسز چن سکتے ہیں۔,Aap ek se zyada services chun sakte hain.,
postJobTotal,Uncategorised,Total,کل,Total,
postJobInspectionFeeLower,Uncategorised,Inspection fee,انسپیکشن فیس,Inspection fee,
postJobInspectionFeeLoadFailed,Uncategorised,Unable to load the inspection fee.,انسپیکشن فیس لوڈ نہیں ہو سکی۔,Inspection fee load nahi ho saki.,
postJobHowInspectionWorks,Uncategorised,How inspection works,انسپیکشن کیسے ہوتی ہے,Inspection kaise hoti hai,
postJobWhatDoYouSee,Uncategorised,What do you see? (optional),آپ کو کیا نظر آ رہا ہے؟ (اختیاری),Aap ko kya nazar aa raha hai? (optional),
postJobWhatDoYouSeeHint,Uncategorised,e.g. AC turns on but room stays hot…,مثلاً اے سی چلتا ہے مگر کمرہ گرم رہتا ہے…,Maslan AC chalta hai magar kamra garam rehta hai…,
postJobBack,Uncategorised,Back,پیچھے,Wapas,
postJobNext,Uncategorised,Next,آگے,Aage,
postJobStepAddress,Uncategorised,Address,پتہ,Pata,
postJobStepDetails,Uncategorised,Details,تفصیلات,Tafseelat,
postJobStepTimeSelection,Uncategorised,Time Selection,وقت کا انتخاب,Time ka intekhab,
postJobStepIndicator,Uncategorised,Step {current} of {total}  ·  {title},مرحلہ {total} میں سے {current}  ·  {title},Step {total} mein se {current}  ·  {title},"Placeholders: {current}, {title}, {total}"
clientHomeYourArea,Client,Your Area,آپ کا علاقہ,Aap ka ilaqa,
clientHomeSectionRepairs,Client,Repairs,مرمت,Marammat,
clientHomeSectionCleaning,Client,Cleaning,صفائی,Safai,
clientHomeSectionPainting,Client,Painting,پینٹنگ,Painting,
clientHomeSectionOutdoorVehicle,Client,Outdoor & Vehicle,باہر اور گاڑی,Bahar aur Gaari,
serviceAcTechnician,Uncategorised,AC Technician,اے سی ٹیکنیشن,AC Technician,
serviceElectrician,Uncategorised,Electrician,الیکٹریشن,Electrician,
servicePlumber,Uncategorised,Plumber,پلمبر,Plumber,
serviceCarpenter,Uncategorised,Carpenter,کارپینٹر,Carpenter,
serviceDeepCleaning,Uncategorised,Deep Cleaning,گہری صفائی,Deep Cleaning,
servicePestControl,Uncategorised,Pest Control,کیڑے مار سروس,Pest Control,
servicePainter,Uncategorised,Painter,پینٹر,Painter,
serviceGardening,Uncategorised,Gardening,باغبانی,Gardening,
serviceCarWash,Uncategorised,Car Wash,کار واش,Car Wash,
serviceMoversPackers,Uncategorised,Movers & Packers,مووَرز اینڈ پیکرز,Movers & Packers,
clientHomeNoServicesFound,Client,No services found,کوئی سروس نہیں ملی,Koi service nahi mili,
clientHomeSearchResults,Client,Search Results,تلاش کے نتائج,Search ke nataij,
clientHomeBookUrgently,Client,Book Urgently,فوری بک کریں,Foran book karein,
clientHomeChooseServiceHelp,Client,Choose a service to get help right away.,فوری مدد کے لیے کوئی سروس منتخب کریں۔,Foran madad ke liye koi service chunain.,
clientHomeGreeting,Client,Hi {name} 👋,سلام {name} 👋,Hi {name} 👋,Placeholders: {name}
clientHomeBeatTheHeat,Client,Beat the Karachi Heat ☀️,کراچی کی گرمی کا مقابلہ کریں ☀️,Karachi ki garmi ka muqabla karein ☀️,
clientHomeAcServiceBanner,Client,"Get your AC serviced
before it gets worse.","اپنا اے سی سروس کروائیں
اس سے پہلے کہ خرابی بڑھ جائے۔","Apna AC service karwayein
is se pehle ke kharabi barh jaye.",
clientHomeBookAcTechnician,Client,Book AC Technician,اے سی ٹیکنیشن بک کریں,AC Technician book karein,
clientHomeNeedHelpNow,Client,Need help now?,ابھی مدد چاہیے؟,Abhi madad chahiye?,
clientHomeUrgentSubtitle,Client,"For urgent issues, book instantly.",فوری مسائل کے لیے ابھی بک کریں۔,Foran maslon ke liye abhi book karein.,
clientHome247Service,Client,24/7 Service,24/7 سروس,24/7 Service,
clientHomeRecent,Client,Recent,حالیہ,Recent,
clientHomeSeeAll,Client,See all,سب دیکھیں,Sab dekhein,
timeNow,Core / Relative time,Now,ابھی,Abhi,
timeMinutesShort,Core / Relative time,{minutes}m,{minutes} منٹ,{minutes}m,Placeholders: {minutes}
timeHoursShort,Core / Relative time,{hours}h,{hours} گھنٹے,{hours}h,Placeholders: {hours}
clientProfileTitle,Client,Profile,پروفائل,Profile,
clientProfileAvatarLocalOnly,Client,Profile image saved on this device. Cloud sync is not available yet.,پروفائل تصویر اسی ڈیوائس پر محفوظ ہے۔ کلاؤڈ سِنک ابھی دستیاب نہیں۔,Profile picture isi device par save hai. Cloud sync abhi available nahi.,
settingsSectionAccount,Uncategorised,Account,اکاؤنٹ,Account,
settingsSectionLegal,Uncategorised,Legal,قانونی,Legal,
settingsSectionDangerZone,Uncategorised,Danger Zone,خطرناک زون,Danger Zone,
settingsPrivacyPolicy,Uncategorised,Privacy Policy,پرائیویسی پالیسی,Privacy Policy,
settingsTermsConditions,Uncategorised,Terms & Conditions,شرائط و ضوابط,Terms & Conditions,
profilePhotoTitle,Uncategorised,Profile Photo,پروفائل تصویر,Profile Photo,
commonGallery,Shared,Gallery,گیلری,Gallery,
commonRemove,Shared,Remove,ہٹائیں,Hatayein,
deleteAccountConfirmTitle,Uncategorised,Delete account?,اکاؤنٹ ڈیلیٹ کریں؟,Account delete karein?,
deleteAccountConfirmBody,Uncategorised,This will delete your HandyGo account and sign you out. This action may not be reversible.,اس سے آپ کا HandyGo اکاؤنٹ ڈیلیٹ ہو جائے گا اور آپ سائن آؤٹ ہو جائیں گے۔ یہ عمل شاید واپس نہ ہو سکے۔,Is se aap ka HandyGo account delete ho jayega aur aap sign out ho jayenge. Ye kaam shayad wapas na ho sake.,
deleteAccountTitle,Uncategorised,Delete Account,اکاؤنٹ ڈیلیٹ کریں,Account Delete Karein,
deleteAccountRequestByEmail,Uncategorised,Request deletion by email,ای میل کے ذریعے ڈیلیٹ کی درخواست دیں,Email ke zariye deletion ki request dein,
commonLogout,Shared,Logout,لاگ آؤٹ,Logout,
clientJobsTitle,Client,My Jobs,میرے کام,Mere Kaam,
clientJobsEmpty,Client,📋  No jobs yet,📋  ابھی کوئی کام نہیں,📋  Abhi koi kaam nahi,
locationSelected,Uncategorised,Selected location,منتخب کردہ لوکیشن,Muntakhab location,
locationSearchHint,Uncategorised,Search for an area or landmark…,علاقہ یا کوئی نشانی تلاش کریں…,Ilaqa ya koi nishani dhoondein…,
locationGettingAddress,Uncategorised,Getting address…,پتہ حاصل کیا جا رہا ہے…,Pata hasil kiya ja raha hai…,
locationUseThis,Uncategorised,Use This Location,یہی لوکیشن استعمال کریں,Yehi location use karein,
serviceComingSoon,Uncategorised,Coming Soon,جلد آ رہا ہے,Jald aa raha hai,
clientHomeSearchHint,Client,Search services...,سروسز تلاش کریں...,Services dhoondein...,
profileDeleteFailed,Uncategorised,Failed to delete account.,اکاؤنٹ ڈیلیٹ نہیں ہو سکا۔,Account delete nahi ho saka.,
serviceBookNow,Uncategorised,Book Now,ابھی بک کریں,Abhi book karein,
serviceSelectedTick,Uncategorised,Selected ✓,منتخب ✓,Selected ✓,
locationMoveMapHint,Uncategorised,Move the map or tap to pick a location,نقشہ ہلائیں یا لوکیشن چننے کے لیے دبائیں,Map hilayein ya location chunne ke liye dabayein,
slotMorning,Uncategorised,Morning,صبح,Subah,
slotAfternoon,Uncategorised,Afternoon,دوپہر,Dopehar,
slotEvening,Uncategorised,Evening,شام,Shaam,
slotNight,Uncategorised,Night,رات,Raat,
slotMorningRange,Uncategorised,9 AM – 12 PM,صبح 9 – دوپہر 12,9 AM – 12 PM,
slotAfternoonRange,Uncategorised,12 PM – 4 PM,دوپہر 12 – شام 4,12 PM – 4 PM,
slotEveningRange,Uncategorised,4 PM – 8 PM,شام 4 – رات 8,4 PM – 8 PM,
slotNightRange,Uncategorised,8 PM – 11 PM,رات 8 – رات 11,8 PM – 11 PM,
postJobSelectDate,Uncategorised,Select date,تاریخ منتخب کریں,Date chunain,
postJobLocationAdded,Uncategorised,Location added,لوکیشن شامل کر دی گئی,Location shamil kar di gayi,
postJobCurrentLocation,Uncategorised,Current Location,موجودہ لوکیشن,Mojooda Location,
postJobMapLocationAdded,Uncategorised,Map location added,نقشے سے لوکیشن شامل کر دی گئی,Map se location shamil kar di gayi,
postJobPickOnMap,Uncategorised,Pick on Map,نقشے پر منتخب کریں,Map par chunain,
postJobMapPrefix,Uncategorised,Map: {address},نقشہ: {address},Map: {address},Placeholders: {address}
postJobGpsPrefix,Uncategorised,GPS: {coordinates},جی پی ایس: {coordinates},GPS: {coordinates},Placeholders: {coordinates}
postJobBookService,Uncategorised,Book Service,سروس بک کریں,Service book karein,
postJobSaveChanges,Uncategorised,Save Changes,تبدیلیاں محفوظ کریں,Tabdeeliyan save karein,
postJobBookAService,Uncategorised,Book a Service,سروس بک کریں,Ek service book karein,
postJobEditBooking,Uncategorised,Edit Booking,بکنگ میں تبدیلی,Booking edit karein,
postJobNotAvailable,Uncategorised,Not available,دستیاب نہیں,Available nahi,
bookingLoadFailed,Bookings,Failed to load booking.,بکنگ لوڈ نہیں ہو سکی۔,Booking load nahi ho saki.,
bookingServiceDetails,Bookings,Service Details,سروس کی تفصیلات,Service ki tafseelat,
bookingIssue,Bookings,Issue,مسئلہ,Masla,
bookingUrgency,Bookings,Urgency,فوری ضرورت,Urgency,
bookingTiming,Bookings,Timing,وقت,Timing,
bookingNotScheduledYet,Bookings,Not scheduled yet,ابھی وقت طے نہیں ہوا,Abhi time tay nahi hua,
bookingTimeWindow,Bookings,Time Window,وقت کا دورانیہ,Time Window,
bookingScheduledDate,Bookings,Scheduled Date,طے شدہ تاریخ,Tay shuda date,
bookingCreated,Bookings,Created,بنائی گئی,Banayi gayi,
bookingCancellationReason,Bookings,Cancellation Reason,منسوخی کی وجہ,Cancel karne ki wajah,
bookingInspectionCompletedBy,Bookings,Inspection completed by,انسپیکشن مکمل کرنے والے,Inspection mukammal karne wale,
bookingWorkBeingCompletedBy,Bookings,Work being completed by,کام مکمل کرنے والے,Kaam mukammal karne wale,
bookingInspectionAndRepairBy,Bookings,Inspection & repair by,انسپیکشن اور مرمت کرنے والے,Inspection aur marammat karne wale,
bookingAssignedWorker,Bookings,Assigned Worker,مقرر کردہ استاد,Assign kiya gaya Ustaad,
bookingDetailsTitle,Bookings,Booking Details,بکنگ کی تفصیلات,Booking ki tafseelat,
bookingNoAddressProvided,Bookings,No address provided,کوئی پتہ نہیں دیا گیا,Koi pata nahi diya gaya,
bookingAttachments,Bookings,Attachments,منسلک فائلیں,Attachments,
bookingPhotosCount,Bookings,Photos ({count}),تصاویر ({count}),Photos ({count}),Placeholders: {count}
bookingVideosCount,Bookings,Videos ({count}),ویڈیوز ({count}),Videos ({count}),Placeholders: {count}
bookingVoiceNote,Bookings,Voice Note,وائس نوٹ,Voice Note,
bookingPricing,Bookings,Pricing,قیمت,Qeemat,
bookingEstimatedPrice,Bookings,Estimated Price,تخمینی قیمت,Andazan qeemat,
bookingInspectionCharges,Bookings,Inspection Charges,انسپیکشن چارجز,Inspection charges,
bookingWorkCharges,Bookings,Work Charges,کام کے چارجز,Kaam ke charges,
bookingFinalPrice,Bookings,Final Price,حتمی قیمت,Final qeemat,
bookingJobLocation,Bookings,Job location,کام کی جگہ,Kaam ki jagah,
bookingLiveLocation,Bookings,Live Location,لائیو لوکیشن,Live Location,
bookingTrackingWorker,Bookings,Tracking {name},{name} کو ٹریک کیا جا رہا ہے,{name} ko track kiya ja raha hai,Placeholders: {name}
bookingWaitingForWorkerLocation,Bookings,Waiting for worker to share location,استاد کے لوکیشن شیئر کرنے کا انتظار ہے,Ustaad ke location share karne ka intezar hai,
bookingLiveLocationNotAvailable,Bookings,Live location not available yet,لائیو لوکیشن ابھی دستیاب نہیں,Live location abhi available nahi,
bookingLocationPending,Bookings,Location pending,لوکیشن کا انتظار ہے,Location ka intezar hai,
bookingMapPreviewUnavailable,Bookings,Map preview unavailable,نقشہ دکھایا نہیں جا سکا,Map preview available nahi,
bookingMapImageLoadFailed,Bookings,Could not load the map image,نقشے کی تصویر لوڈ نہیں ہو سکی,Map ki image load nahi ho saki,
bookingAppearsWhenEnRoute,Bookings,Will appear once the worker is en route,استاد کے روانہ ہوتے ہی نظر آئے گا,Ustaad ke rawana hote hi nazar aayega,
bookingWorkerNearlyThere,Bookings,Worker is nearly there,استاد تقریباً پہنچ چکے ہیں,Ustaad taqreeban pohanch chuke hain,
bookingWorkerOnTheWay,Bookings,Worker is on the way,استاد راستے میں ہیں,Ustaad raaste mein hain,
bookingLiveUpdatedNow,Bookings,Live · Updated now,لائیو · ابھی اپ ڈیٹ ہوا,Live · Abhi update hua,
bookingStatusTimeline,Bookings / Status labels,Job Status Timeline,کام کی صورتحال کی ٹائم لائن,Kaam ki status timeline,
bookingJobExpired,Bookings,This job expired,یہ کام ختم ہو گیا,Ye kaam khatam ho gaya,
bookingExpiredExplanation,Bookings,No worker was hired within 72 hours. Make it live again to keep looking.,72 گھنٹوں میں کوئی استاد ہائر نہیں ہوا۔ تلاش جاری رکھنے کے لیے اسے دوبارہ لائیو کریں۔,72 ghanton mein koi Ustaad hire nahi hua. Talash jari rakhne ke liye ise dobara live karein.,
bookingMakeLiveFailed,Bookings,Failed to make job live again.,کام دوبارہ لائیو نہیں ہو سکا۔,Kaam dobara live nahi ho saka.,
bookingMakeLiveAgain,Bookings,Make Live Again,دوبارہ لائیو کریں,Dobara live karein,
bookingPreviousUstaadCancelledNamed,Bookings,Previous Ustaad cancelled: {name},پچھلے استاد نے منسوخ کر دیا: {name},Pichle Ustaad ne cancel kar diya: {name},Placeholders: {name}
bookingPreviousUstaadCancelled,Bookings,Previous Ustaad cancelled,پچھلے استاد نے منسوخ کر دیا,Pichle Ustaad ne cancel kar diya,
bookingUstaadCancelledJob,Bookings,The Ustaad cancelled this job,استاد نے یہ کام منسوخ کر دیا,Ustaad ne job cancel kar di,
bookingReasonPrefix,Bookings,Reason: {reason},وجہ: {reason},Wajah: {reason},Placeholders: {reason}
bookingFindAnotherUstaadFailed,Bookings,Failed to find another Ustaad.,دوسرا استاد تلاش نہیں ہو سکا۔,Doosra Ustaad talash nahi ho saka.,
bookingFindAnotherUstaad,Bookings,Find Another Ustaad,دوسرا استاد تلاش کریں,Doosra Ustaad dhoondein,
bookingSelectedServices,Bookings,Selected Services,منتخب سروسز,Muntakhab services,
bookingServiceQuantity,Bookings,{name} x{quantity},{name} x{quantity},{name} x{quantity},"Placeholders: {name}, {quantity}"
bookingChooseUstaad,Bookings,Choose Ustaad,استاد منتخب کریں,Ustaad chunain,
bookingSeeWorkerBids,Bookings,See Worker Bids,استادوں کی بولیاں دیکھیں,Ustaad ki bids dekhein,
bookingTrackWorker,Bookings,Track Worker,استاد کو ٹریک کریں,Ustaad ko track karein,
bookingReviewWorker,Bookings,Review Worker,استاد کو ریویو دیں,Ustaad ko review dein,
bookingYourReview,Bookings,Your Review,آپ کا ریویو,Aap ka review,
bookingCallWorker,Bookings,Call Worker,استاد کو کال کریں,Ustaad ko call karein,
bookingCancelBooking,Bookings,Cancel Booking,بکنگ منسوخ کریں,Booking cancel karein,
bookingCancelFailed,Bookings,The booking could not be cancelled.,بکنگ منسوخ نہیں ہو سکی۔,Booking cancel nahi ho saki.,
bookingChatWithWorker,Bookings,Chat with Worker,استاد سے چیٹ کریں,Ustaad se chat karein,
bookingLoadFailedShort,Bookings,Failed to load booking,بکنگ لوڈ نہیں ہو سکی,Booking load nahi ho saki,
workerLevelMaster,Ustaad,Master,ماسٹر,Master,
workerLevelElite,Ustaad,Elite,ایلیٹ,Elite,
workerLevelProUstaad,Ustaad,Pro Ustaad,پرو استاد,Pro Ustaad,
workerLevelPro,Ustaad,Pro,پرو,Pro,
workerLevelStandard,Ustaad,Standard,اسٹینڈرڈ,Standard,
trackLoadFailed,Uncategorised,Failed to load tracking data.,ٹریکنگ ڈیٹا لوڈ نہیں ہو سکا۔,Tracking data load nahi ho saka.,
trackTitleUstaad,Uncategorised,Track Ustaad,استاد کو ٹریک کریں,Ustaad ko track karein,
trackNoLocationForBooking,Uncategorised,Location not available for this booking.,اس بکنگ کے لیے لوکیشن دستیاب نہیں۔,Is booking ke liye location available nahi.,
trackUstaadLocationUnavailable,Uncategorised,The Ustaad's location is not available yet.,استاد کی لوکیشن ابھی دستیاب نہیں ہے۔,Ustaad ki location abhi available nahi hai.,
trackJobCompleted,Uncategorised,Job Completed ✓,کام مکمل ✓,Kaam mukammal ✓,
trackQuoteAcceptedRepairInProgress,Uncategorised,Quote Accepted — Repair In Progress,کوٹ منظور — مرمت جاری ہے,Quote accept — marammat jari hai,
trackReportSubmitted,Uncategorised,Report Submitted,رپورٹ جمع کرا دی گئی,Report jama kara di gayi,
trackInspectionInProgress,Uncategorised,Inspection In Progress,انسپیکشن جاری ہے,Inspection jari hai,
trackReviewReportAndDecide,Uncategorised,Review the report below and decide how to proceed,نیچے رپورٹ دیکھیں اور فیصلہ کریں کہ آگے کیا کرنا ہے,Neeche report dekhein aur faisla karein ke aage kya karna hai,
trackWorkerLabel,Uncategorised,Worker,استاد,Ustaad,
trackHiredAt,Uncategorised,Hired at {price},{price} پر ہائر کیا گیا,{price} par hire kiya gaya,Placeholders: {price}
trackPhoneUnavailable,Uncategorised,Phone number unavailable,فون نمبر دستیاب نہیں,Phone number available nahi,
trackDialerFailed,Uncategorised,Could not open phone dialer,فون ڈائلر نہیں کھل سکا,Phone dialer nahi khul saka,
trackAssignedWorkerCaps,Uncategorised,ASSIGNED WORKER,مقرر کردہ استاد,ASSIGN KIYA GAYA USTAAD,
trackCall,Uncategorised,Call,کال,Call,
trackLocationUnavailable,Uncategorised,Location unavailable,لوکیشن دستیاب نہیں,Location available nahi,
trackArrivingIn,Uncategorised,"{count, plural, =1{Arriving in ~{count} minute} other{Arriving in ~{count} minutes}}",تقریباً {count} منٹ میں پہنچ رہے ہیں,Taqreeban {count} minute mein pohanch rahe hain,Placeholders: {count} | ICU plural — keep the plural syntax intact
trackEtaUnavailable,Uncategorised,ETA unavailable,پہنچنے کا وقت معلوم نہیں,ETA available nahi,
trackStepHired,Uncategorised,Hired,ہائر ہو گئے,Hire ho gaye,
trackStepUstaadOnTheWay,Uncategorised,Ustaad on the way,استاد راستے میں,Ustaad raaste mein,
trackStepInspectionInProgress,Uncategorised,Inspection in progress,انسپیکشن جاری,Inspection jari,
trackStepReportSubmitted,Uncategorised,Report submitted,رپورٹ جمع,Report jama,
trackStepClosedAfterInspection,Uncategorised,Closed after inspection,انسپیکشن کے بعد بند,Inspection ke baad band,
trackStepQuoteAccepted,Uncategorised,Quote accepted,کوٹ منظور,Quote accept,
trackStepReviewed,Uncategorised,Reviewed,ریویو ہو گیا,Review ho gaya,
trackStepWorkInProgress,Uncategorised,Work in progress,کام جاری,Kaam jari,
trackStepReviewPending,Uncategorised,Review pending,ریویو باقی,Review baqi,
trackJobProgress,Uncategorised,Job Progress,کام کی پیش رفت,Kaam ki pesh raft,
trackLoadFailedShort,Uncategorised,Failed to load tracking,ٹریکنگ لوڈ نہیں ہو سکی,Tracking load nahi ho saki,
discoveryJobLocation,Uncategorised,Job Location,کام کی جگہ,Kaam ki jagah,
discoveryJobLocationUnavailable,Uncategorised,Job location not available,کام کی جگہ دستیاب نہیں,Kaam ki jagah available nahi,
discoveryLiveWorkerOffers,Uncategorised,Live Worker Offers,استادوں کی لائیو آفرز,Ustaad ki live offers,
discoveryRefresh,Uncategorised,Refresh,ریفریش,Refresh,
discoveryBidsLoadFailed,Uncategorised,Could not load bids.,بولیاں لوڈ نہیں ہو سکیں۔,Bids load nahi ho sakin.,
discoveryNoBidsYet,Uncategorised,No bids yet,ابھی کوئی بولی نہیں,Abhi koi bid nahi,
discoveryPendingCount,Uncategorised,"{count, plural, =1{{count} pending} other{{count} pending}}",{count} زیرِ التوا,{count} pending,Placeholders: {count} | ICU plural — keep the plural syntax intact
discoveryHire,Uncategorised,Hire,ہائر کریں,Hire karein,
discoveryHiring,Uncategorised,Hiring…,ہائر کیا جا رہا ہے…,Hire kiya ja raha hai…,
discoveryHireNamed,Uncategorised,Hire {name}?,{name} کو ہائر کریں؟,{name} ko hire karein?,Placeholders: {name}
discoveryAcceptBid,Uncategorised,Accept {name}'s bid of {price}?,{name} کی {price} کی بولی منظور کریں؟,{name} ki {price} ki bid accept karein?,"Placeholders: {name}, {price}"
discoveryInspectionFeeSeparate,Uncategorised,"The inspecting Ustaad's inspection fee is paid separately. The new Ustaad will charge the full amount of their own offer, and the inspection fee is not adjusted into it.",انسپیکشن کرنے والے استاد کی انسپیکشن فیس الگ سے دینی ہوگی۔ نیا استاد اپنی آفر کے مطابق کام کی پوری رقم لے گا، اور انسپیکشن فیس اس میں ایڈجسٹ نہیں ہوگی۔,Inspection karne wale Ustaad ko inspection fee alag deni hogi. Naya Ustaad apne offer ke mutabiq kaam ki puri raqam charge karega. Inspection fee uske offer mein adjust nahi hogi.,
discoveryWorkerHired,Uncategorised,Worker hired successfully,استاد کامیابی سے ہائر ہو گئے,Ustaad kamyabi se hire ho gaye,
discoveryHireFailed,Uncategorised,Failed to hire worker.,استاد ہائر نہیں ہو سکے۔,Ustaad hire nahi ho sake.,
discoveryInspectedThisJob,Uncategorised,INSPECTED THIS JOB,اس کام کی انسپیکشن کی,IS KAAM KI INSPECTION KI,
discoveryTheirQuote,Uncategorised,their quote,ان کا کوٹ,un ka quote,
discoveryInspectionCompletedByThis,Uncategorised,Inspection completed by this Ustaad.,انسپیکشن اسی استاد نے مکمل کی۔,Inspection isi Ustaad ne mukammal ki.,
discoveryViewInspectionReport,Uncategorised,View Inspection Report,انسپیکشن رپورٹ دیکھیں,Inspection Report Dekhein,
discoveryHireAgain,Uncategorised,Hire Again,دوبارہ ہائر کریں,Dobara Hire Karein,
discoveryHireAgainNamed,Uncategorised,Hire {name} again?,{name} کو دوبارہ ہائر کریں؟,{name} ko dobara hire karein?,Placeholders: {name}
discoveryOriginalQuoteContinues,Uncategorised,They'll continue using their original inspection quote.,وہ اپنے اصل انسپیکشن کوٹ پر ہی کام جاری رکھیں گے۔,Wo apne asal inspection quote par hi kaam jari rakhenge.,
discoveryWorkersWillAppear,Uncategorised,"Workers who apply will appear here.
Check back shortly.","درخواست دینے والے استاد یہاں نظر آئیں گے۔
تھوڑی دیر بعد دوبارہ دیکھیں۔","Apply karne wale Ustaad yahan nazar aayenge.
Thori dair baad dobara dekhein.",
discoveryTryAgain,Uncategorised,Try again,دوبارہ کوشش کریں,Dobara koshish karein,
inspectionReportTitle,Inspection flow,Inspection Report,انسپیکشن رپورٹ,Inspection Report,
inspectionReportNotAvailable,Inspection flow,Report not available yet.,رپورٹ ابھی دستیاب نہیں۔,Report abhi available nahi.,
inspectionUstaadVoiceNote,Inspection flow,Ustaad Voice Note,استاد کا وائس نوٹ,Ustaad ka voice note,
inspectionPhotos,Inspection flow,Photos,تصاویر,Photos,
inspectionParts,Inspection flow,Parts,پرزے,Parts,
inspectionRepairQuoteTotal,Inspection flow,Repair quote total,مرمت کے کوٹ کا کل,Marammat ke quote ka total,
inspectionAcceptQuoteContinue,Inspection flow,Accept Quote & Continue Repair,کوٹ منظور کریں اور مرمت جاری رکھیں,Quote accept karein aur marammat jari rakhein,
inspectionFindOtherUstaad,Inspection flow,Find Other Ustaad,دوسرا استاد تلاش کریں,Doosra Ustaad dhoondein,
inspectionCloseAfterInspection,Inspection flow,Close After Inspection,انسپیکشن کے بعد بند کریں,Inspection ke baad band karein,
inspectionAcceptQuoteConfirmTitle,Inspection flow,Accept quote & continue repair?,کوٹ منظور کر کے مرمت جاری رکھیں؟,Quote accept kar ke marammat jari rakhein?,
inspectionCloseConfirmTitle,Inspection flow,Close after inspection?,انسپیکشن کے بعد بند کریں؟,Inspection ke baad band karein?,
inspectionAcceptQuoteConfirmBody,Inspection flow,The same Ustaad will continue the repair. The inspection fee is waived — you will only pay the repair quote.,یہی استاد مرمت جاری رکھیں گے۔ انسپیکشن فیس معاف ہے — آپ صرف مرمت کا کوٹ ادا کریں گے۔,Yehi Ustaad marammat jari rakhenge. Inspection fee maaf hai — aap sirf marammat ka quote den ge.,
inspectionCloseConfirmBody,Inspection flow,You will only be charged the inspection fee. The job will be marked completed.,آپ سے صرف انسپیکشن فیس لی جائے گی۔ کام مکمل شدہ نشان زد ہو جائے گا۔,Aap se sirf inspection fee li jayegi. Kaam mukammal mark ho jayega.,
inspectionClosedAfterInspection,Inspection flow,Closed after inspection.,انسپیکشن کے بعد بند کر دیا گیا۔,Inspection ke baad band kar diya gaya.,
inspectionQuoteAcceptedRepairInProgress,Inspection flow,Quote accepted — repair in progress.,کوٹ منظور — مرمت جاری ہے۔,Quote accept — marammat jari hai.,
inspectionActionFailed,Inspection flow,Action failed. Try again.,کارروائی ناکام۔ دوبارہ کوشش کریں۔,Kaam nahi hua. Dobara koshish karein.,
inspectionFindAnotherConfirmTitle,Inspection flow,Find another Ustaad?,دوسرا استاد تلاش کریں؟,Doosra Ustaad dhoondein?,
inspectionFindAnotherConfirmBody,Inspection flow,Confirming completes the inspection and charges the inspection fee. Your job goes live again so other Ustaads can send their rates.,تصدیق کرنے پر انسپیکشن مکمل ہو جائے گی اور انسپیکشن فیس لی جائے گی۔ آپ کا کام دوبارہ لائیو ہو جائے گا تاکہ دوسرے استاد اپنے ریٹ بھیج سکیں۔,Confirm karne par inspection mukammal ho jayegi aur inspection fee li jayegi. Aap ka kaam dobara live ho jayega taake doosre Ustaad apne rate bhej sakein.,
inspectionBadge,Inspection flow,Inspection,انسپیکشن,Inspection,
chooseHireConfirmTitle,Uncategorised,Hire this Ustaad?,اس استاد کو ہائر کریں؟,Is Ustaad ko hire karein?,
chooseHireConfirmBody,Uncategorised,Hire {name} for this job? You won't be able to choose a different Ustaad afterwards.,کیا {name} کو یہ کام دیں؟ اس کے بعد آپ دوسرا استاد منتخب نہیں کر سکیں گے۔,{name} ko ye kaam dein? Is ke baad aap doosra Ustaad nahi chun sakenge.,Placeholders: {name}
chooseAssignFailed,Uncategorised,Unable to assign this Ustaad. Please try again.,یہ استاد مقرر نہیں ہو سکے۔ دوبارہ کوشش کریں۔,Ye Ustaad assign nahi ho sake. Dobara koshish karein.,
chooseServiceTotal,Uncategorised,Service Total {price},سروس کا کل {price},Service Total {price},Placeholders: {price}
chooseInspectionFeeAmount,Uncategorised,Inspection fee {price},انسپیکشن فیس {price},Inspection fee {price},Placeholders: {price}
chooseFindingUstaads,Uncategorised,Finding verified Ustaads near you…,آپ کے قریب تصدیق شدہ استاد تلاش کیے جا رہے ہیں…,Aap ke qareeb verified Ustaad dhoonde ja rahe hain…,
chooseLoadFailed,Uncategorised,Unable to load available Ustaads right now.,اس وقت دستیاب استاد لوڈ نہیں ہو سکے۔,Is waqt available Ustaad load nahi ho sake.,
chooseNoUstaadAvailable,Uncategorised,No verified Ustaad available right now.,اس وقت کوئی تصدیق شدہ استاد دستیاب نہیں۔,Is waqt koi verified Ustaad available nahi.,
chooseAutoRefreshNote,Uncategorised,The list refreshes automatically every 45 seconds.,فہرست ہر 45 سیکنڈ بعد خود بخود ریفریش ہوتی ہے۔,List har 45 seconds mein khud-ba-khud refresh hoti hai.,
chooseRefreshOrWait,Uncategorised,You can refresh or wait a little — checking available Ustaads…,آپ ریفریش کر سکتے ہیں یا تھوڑا انتظار کریں — دستیاب استاد دیکھے جا رہے ہیں…,Aap refresh kar sakte hain ya thora intezar karein — available Ustaad check ho rahe hain…,
chooseNewBadge,Uncategorised,New,نیا,Naya,
chooseSelect,Uncategorised,Select,منتخب کریں,Chunain,
chooseRecommended,Uncategorised,Recommended,تجویز کردہ,Recommended,
chooseSkills,Uncategorised,Skills,مہارتیں,Skills,
myBookingsLoadFailed,Uncategorised,Unable to load your bookings. Please try again.,آپ کی بکنگز لوڈ نہیں ہو سکیں۔ دوبارہ کوشش کریں۔,Aap ki bookings load nahi ho sakin. Dobara koshish karein.,
myBookingsTitle,Uncategorised,My Bookings,میری بکنگز,Meri Bookings,
myBookingsEmptyTitle,Uncategorised,No bookings yet,ابھی کوئی بکنگ نہیں,Abhi koi booking nahi,
myBookingsNoResults,Uncategorised,No results found,کوئی نتیجہ نہیں ملا,Koi nateeja nahi mila,
myBookingsAdjustFilters,Uncategorised,Try adjusting your filters or search term,اپنے فلٹر یا تلاش کا لفظ بدل کر دیکھیں,Apne filter ya search word badal kar dekhein,
myBookingsBookFirst,Uncategorised,Book your first service to get started,شروع کرنے کے لیے اپنی پہلی سروس بک کریں,Shuru karne ke liye apni pehli service book karein,
myBookingsRefreshFailed,Uncategorised,Could not refresh. Pull to retry.,ریفریش نہیں ہو سکا۔ دوبارہ کوشش کے لیے کھینچیں۔,Refresh nahi hua. Dobara koshish ke liye kheenchein.,
myBookingsSomethingWrong,Uncategorised,Something went wrong,کچھ غلط ہو گیا,Kuch ghalat ho gaya,
cardTodayAt,Uncategorised,"Today, {time}",آج، {time},"Aaj, {time}",Placeholders: {time}
cardGoesLiveBefore,Uncategorised,Goes live 1h before window,وقت سے ایک گھنٹہ پہلے لائیو ہوگا,Window se 1 ghanta pehle live hoga,
cardWorkersNotified,Uncategorised,Workers are notified immediately,استادوں کو فوراً اطلاع دی جاتی ہے,Ustaad ko foran ittila di jati hai,
cardSearchingWorkers,Uncategorised,Searching for workers...,استاد تلاش کیے جا رہے ہیں...,Ustaad dhoonde ja rahe hain...,
cardNoWorkerYet,Uncategorised,No worker yet,ابھی کوئی استاد نہیں,Abhi koi Ustaad nahi,
cardEstimatePrefix,Uncategorised,est.,تخمینہ,est.,
cardFindWorkers,Uncategorised,Find Workers,استاد تلاش کریں,Ustaad dhoondein,
cardEdit,Uncategorised,Edit,تبدیلی,Edit,
filterTitle,Uncategorised,Filter Bookings,بکنگز فلٹر کریں,Bookings filter karein,
filterReset,Uncategorised,Reset,ری سیٹ,Reset,
filterAll,Uncategorised,All,سب,Sab,
filterUrgentOption,Uncategorised,⚡ Urgent,⚡ فوری,⚡ Urgent,
filterNormalOption,Uncategorised,🗓 Normal,🗓 عام,🗓 Normal,
filterSortByDate,Uncategorised,Sort by date,تاریخ کے حساب سے ترتیب,Date ke hisab se sort,
filterNewestFirst,Uncategorised,Newest first,نئی پہلے,Nayi pehle,
filterOldestFirst,Uncategorised,Oldest first,پرانی پہلے,Purani pehle,
filterApply,Uncategorised,Apply Filters,فلٹر لگائیں,Filter lagayein,
searchBookingsHint,Uncategorised,"Search bookings, services...",بکنگز، سروسز تلاش کریں...,"Bookings, services dhoondein...",
cancelReasonTitle,Uncategorised,Reason for cancelling the booking,بکنگ منسوخ کرنے کی وجہ,Booking Cancel Karne Ki Wajah,
cancelReasonRequired,Uncategorised,Please give a reason.,براہِ کرم وجہ بتائیں۔,Barah-e-karam wajah batayein.,
cancelReasonSelect,Uncategorised,Select a reason,وجہ منتخب کریں,Wajah select karein,
cancelReasonWriteOwn,Uncategorised,Write your own reason,اپنی وجہ لکھیں,Apni wajah likhein,
reviewSubmitFailed,Reviews & ratings,The review could not be submitted.,ریویو جمع نہیں ہو سکا۔,Review submit nahi ho saka.,
reviewPromptBeforeContinuing,Reviews & ratings,Please review your Ustaad before continuing.,آگے بڑھنے سے پہلے اپنے استاد کو ریویو دیں۔,Aage barhne se pehle apne Ustaad ko review dein.,
reviewHowWasWork,Reviews & ratings,How was the work?,کام کیسا رہا؟,Kaam kaisa raha?,
reviewCommentHint,Reviews & ratings,Write a comment (optional)...,تبصرہ لکھیں (اختیاری)...,Comment likhein (optional)...,
reviewSubmit,Reviews & ratings,Submit Review,ریویو جمع کریں,Review Submit Karein,
reviewLater,Reviews & ratings,Later,بعد میں,Baad Mein,
chatOpenFailed,Chat & Support,Could not open chat.,چیٹ نہیں کھل سکی۔,Chat nahi khul saki.,
mediaTapToPlay,Uncategorised,Tap to play,چلانے کے لیے دبائیں,Chalane ke liye dabayein,
inspectionConfirm,Inspection flow,Confirm,تصدیق کریں,Confirm karein,
trackSubtextCompleted,Uncategorised,{name} has completed the job,{name} نے کام مکمل کر دیا,{name} ne kaam mukammal kar diya,Placeholders: {name}
trackSubtextContinuingRepair,Uncategorised,{name} is continuing the repair,{name} مرمت جاری رکھے ہوئے ہیں,{name} marammat jari rakhe hue hain,Placeholders: {name}
trackSubtextOnTheWay,Uncategorised,{name} is on the way to your location,{name} آپ کی لوکیشن کی طرف آ رہے ہیں,{name} aap ki location ki taraf aa rahe hain,Placeholders: {name}
trackSubtextArrived,Uncategorised,{name} has arrived at your location,{name} آپ کی لوکیشن پر پہنچ گئے ہیں,{name} aap ki location par pohanch gaye hain,Placeholders: {name}
trackSubtextInspecting,Uncategorised,{name} is inspecting the issue,{name} مسئلہ دیکھ رہے ہیں,{name} masla dekh rahe hain,Placeholders: {name}
trackSubtextHiredForInspection,Uncategorised,{name} has been hired for this inspection,{name} کو اس انسپیکشن کے لیے ہائر کیا گیا ہے,{name} ko is inspection ke liye hire kiya gaya hai,Placeholders: {name}
trackSubtextWorking,Uncategorised,{name} is working on your job,{name} آپ کے کام پر لگے ہوئے ہیں,{name} aap ke kaam par lage hue hain,Placeholders: {name}
trackSubtextHiredForJob,Uncategorised,{name} has been hired for this job,{name} کو اس کام کے لیے ہائر کیا گیا ہے,{name} ko is kaam ke liye hire kiya gaya hai,Placeholders: {name}
urgentWithin1Hour,Uncategorised,Within 1 hour,ایک گھنٹے کے اندر,Ek ghante ke andar,
urgentWithin2Hours,Uncategorised,Within 2 hours,دو گھنٹوں کے اندر,Do ghanton ke andar,
urgentWithin4Hours,Uncategorised,Within 4 hours,چار گھنٹوں کے اندر,Chaar ghanton ke andar,
inspectionFeePaid,Inspection flow,Inspection fee paid,انسپیکشن فیس ادا ہو گئی,Inspection fee paid,
inspectionFeeNotPaid,Inspection flow,Inspection fee not paid,انسپیکشن فیس ادا نہیں ہوئی,Inspection fee paid nahi,
chooseWithinRadius,Uncategorised,within {km} km,{km} کلومیٹر کے اندر,{km} km ke andar,Placeholders: {km}
chooseHireConfirmBodyFull,Uncategorised,Hire {name} for this job? You will not be able to choose a different Ustaad afterwards.,کیا {name} کو یہ کام دیں؟ اس کے بعد آپ دوسرا استاد منتخب نہیں کر سکیں گے۔,{name} ko ye kaam dein? Is ke baad aap doosra Ustaad nahi chun sakenge.,Placeholders: {name}
trackHeadlineUstaadOnTheWay,Uncategorised,Ustaad On The Way,استاد راستے میں,Ustaad On The Way,
trackHeadlineUstaadArrived,Uncategorised,Ustaad Arrived,استاد پہنچ گئے,Ustaad Arrived,
trackHeadlineWorkInProgress,Uncategorised,Work In Progress,کام جاری ہے,Work In Progress,
trackHeadlineHired,Uncategorised,Hired ✓,ہائر ہو گئے ✓,Hire ho gaye ✓,
trackRatingOutOfFive,Uncategorised,{rating} / 5.0,{rating} / 5.0,{rating} / 5.0,Placeholders: {rating}
discoveryLoadingBids,Uncategorised,Loading bids...,بولیاں لوڈ ہو رہی ہیں...,Bids load ho rahi hain...,
discoveryBidsLoadFailedShort,Uncategorised,Could not load bids,بولیاں لوڈ نہیں ہو سکیں,Bids load nahi ho sakin,
bookingWorkersAvailableNearby,Bookings,"{count, plural, =1{{count} worker available nearby} other{{count} workers available nearby}}",قریب {count} استاد دستیاب,Qareeb {count} Ustaad available,Placeholders: {count} | ICU plural — keep the plural syntax intact
bookingIdShort,Bookings,#ER-{code},#ER-{code},#ER-{code},Placeholders: {code}
inspectionPartWithWarranty,Inspection flow,{name} x{quantity} · {warranty},{name} x{quantity} · {warranty},{name} x{quantity} · {warranty},"Placeholders: {name}, {quantity}, {warranty}"
discoveryPendingBidsSorted,Uncategorised,"{count, plural, =1{{count} pending bid · sorted by price} other{{count} pending bids · sorted by price}}",{count} زیرِ التوا بولیاں · قیمت کے حساب سے ترتیب,{count} pending bids · qeemat ke hisab se sorted,Placeholders: {count} | ICU plural — keep the plural syntax intact
workerOffline,Ustaad,Offline,آف لائن,Offline,
workerOnline,Ustaad,Online,آن لائن,Online,
workerBusy,Ustaad,Busy,مصروف,Busy,
workerOfflineHelper,Ustaad,You are hidden from clients,آپ کلائنٹس کو نظر نہیں آ رہے,Aap clients ko nazar nahi aa rahe,
workerOnlineHelper,Ustaad,Clients near your location can see you,آپ کے قریب موجود کلائنٹس آپ کو دیکھ سکتے ہیں,Aap ke qareeb ke clients aap ko dekh sakte hain,
workerBusyHelper,Ustaad,You are currently working on a job,آپ اس وقت ایک کام پر مصروف ہیں,Aap is waqt ek kaam par masroof hain,
workerStatusOnTheWay,Ustaad,On the Way,راستے میں,Raaste mein,
workerActionOnMyWay,Ustaad,On My Way,میں روانہ ہوں,Main rawana hoon,
workerActionArrived,Ustaad,Arrived,پہنچ گیا,Pohanch gaya,
workerActionStartJob,Ustaad,Start Job,کام شروع کریں,Kaam shuru karein,
workerActionCompleteJob,Ustaad,Complete Job,کام مکمل کریں,Kaam mukammal karein,
workerActionStartInspection,Ustaad,Start Inspection,انسپیکشن شروع کریں,Inspection shuru karein,
workerActionStartWork,Ustaad,Start Work,کام شروع کریں,Kaam shuru karein,
workerActionFillReport,Ustaad,Fill Inspection Report,انسپیکشن رپورٹ بھریں,Inspection report bharein,
workerActionWaitingForClient,Ustaad,Waiting for Client Decision,کلائنٹ کے فیصلے کا انتظار,Client ke faisle ka intezar,
workerSuccessOnTheWay,Ustaad,On the way — client notified.,آپ روانہ ہیں — کلائنٹ کو اطلاع دے دی گئی۔,Aap rawana hain — client ko ittila de di gayi.,
workerSuccessArrived,Ustaad,Marked as arrived.,پہنچنے کا نشان لگا دیا گیا۔,Pohanchne ka nishan laga diya gaya.,
workerSuccessJobStarted,Ustaad,Job started.,کام شروع ہو گیا۔,Kaam shuru ho gaya.,
workerSuccessJobCompleted,Ustaad,Job marked as completed.,کام مکمل شدہ نشان زد ہو گیا۔,Kaam mukammal mark ho gaya.,
workerSuccessInspectionStarted,Ustaad,Inspection started.,انسپیکشن شروع ہو گئی۔,Inspection shuru ho gayi.,
workerSuccessWorkStarted,Ustaad,Work started.,کام شروع ہو گیا۔,Kaam shuru ho gaya.,
workerSkillNotSelected,Ustaad,Skill not selected,مہارت منتخب نہیں کی گئی,Skill select nahi ki gayi,
workerLocating,Ustaad,Locating…,لوکیشن معلوم کی جا رہی ہے…,Location maloom ki ja rahi hai…,
workerTapToRetry,Ustaad,Tap to retry,دوبارہ کوشش کے لیے دبائیں,Dobara koshish ke liye dabayein,
workerTapForLocation,Ustaad,Tap for location,لوکیشن کے لیے دبائیں,Location ke liye dabayein,
workerOnActiveJob,Ustaad,On Active Job,کام جاری ہے,Kaam jari hai,
workerConnecting,Ustaad,Connecting...,کنیکٹ ہو رہا ہے...,Connect ho raha hai...,
workerGoingOffline,Ustaad,Going offline...,آف لائن ہو رہے ہیں...,Offline ho rahe hain...,
workerGoOffline,Ustaad,Go Offline,آف لائن ہو جائیں,Offline ho jayein,
workerGoOnline,Ustaad,Go Online,آن لائن ہو جائیں,Online ho jayein,
workerTodaysEarnings,Ustaad,Today's Earnings,آج کی کمائی,Aaj ki Kamai,
workerRating,Ustaad,Rating,ریٹنگ,Rating,
workerActive,Ustaad,Active,فعال,Active,
workerGoOfflineConfirmTitle,Ustaad,Go Offline?,آف لائن ہو جائیں؟,Offline ho jayein?,
workerGoOfflineConfirmBody,Ustaad,You will stop appearing to nearby clients.,آپ قریبی کلائنٹس کو نظر آنا بند ہو جائیں گے۔,Aap qareebi clients ko nazar aana band ho jayenge.,
workerGoOfflineConfirmYes,Ustaad,"Yes, Go Offline",ہاں، آف لائن کریں,"Haan, offline karein",
workerFindNewWork,Ustaad,Find New Work,نیا کام ڈھونڈیں,Naya Kaam Dhondain,
workerViewNewJobs,Ustaad,View New Jobs,نئے کام دیکھیں,Naye kaam dekhein,
workerActiveJobCaps,Ustaad,ACTIVE JOB,جاری کام,JARI KAAM,
workerMap,Ustaad,Map,نقشہ,Map,
workerViewDetails,Ustaad,View details →,تفصیلات دیکھیں ←,Tafseelat dekhein →,
workerNoActiveJob,Ustaad,No active job right now,اس وقت کوئی کام جاری نہیں,Is waqt koi kaam jari nahi,
workerStayOnlineHint,Ustaad,Stay online to find work nearby.,قریبی کام تلاش کرنے کے لیے آن لائن رہیں۔,"Online rahein, nazdeek ka kaam dhondne ke liye.",
workerReady,Ustaad,Ready,تیار,Tayyar,
workerPerformance,Ustaad,Performance,کارکردگی,Performance,
workerJobsDone,Ustaad,Jobs Done,مکمل کام,Jobs Done,
workerCancelRate,Ustaad,Cancel Rate,منسوخی کی شرح,Cancel Rate,
workerPercentValue,Ustaad,{value}%,{value}%,{value}%,Placeholders: {value}
workerResponse,Ustaad,Response,جواب,Response,
workerReviews,Ustaad,Reviews,ریویوز,Reviews,
workerSeeAll,Ustaad,See all →,سب دیکھیں ←,Sab dekhein →,
workerNoReviewsYet,Ustaad,No reviews yet,ابھی کوئی ریویو نہیں,Abhi koi review nahi,
workerReviewsAppearHint,Ustaad,Client reviews will appear here after your completed jobs.,آپ کے مکمل کاموں کے بعد کلائنٹس کے ریویوز یہاں نظر آئیں گے۔,Aap ke mukammal kaamon ke baad clients ke reviews yahan nazar aayenge.,
workerSelectMainSkill,Ustaad,Select your main skill,اپنی بنیادی مہارت منتخب کریں,Apni main skill chunain,
workerSelectMainSkillHint,Ustaad,Select your main skill to start receiving work,کام ملنا شروع کرنے کے لیے اپنی بنیادی مہارت منتخب کریں,Kaam milna shuru karne ke liye apni main skill chunain,
workerCategoriesLoadFailed,Ustaad,Failed to load categories: {error},کیٹیگریز لوڈ نہیں ہو سکیں: {error},Categories load nahi ho sakin: {error},Placeholders: {error}
workerSkillsSaveFailed,Ustaad,Failed to save skills. Please try again.,مہارتیں محفوظ نہیں ہو سکیں۔ دوبارہ کوشش کریں۔,Skills save nahi ho sakin. Dobara koshish karein.,
workerSaveAndGoOnline,Ustaad,Save & Go Online,محفوظ کریں اور آن لائن ہوں,Save karein aur online hon,
workerDashboardLoadFailed,Ustaad,Failed to load dashboard,ڈیش بورڈ لوڈ نہیں ہو سکا,Dashboard load nahi ho saka,
workerNewJobsTitle,Ustaad,New Jobs,نئے کام,Naye Kaam,
workerNewJobsSubtitle,Ustaad,Work matching your skills,آپ کی مہارت کے مطابق کام,Aapke hunar ke hisaab se kaam,
workerCompleteProfileForNewJobs,Ustaad,Complete your profile. Once it is approved you will start seeing new jobs.,اپنی پروفائل مکمل کریں۔ منظوری کے بعد آپ کو نئے کام نظر آنے لگیں گے۔,Apni profile complete karain. Approval ke baad aapko naye kaam nazar ayenge.,
workerNewJobsLoadFailed,Ustaad,Failed to load new jobs.,نئے کام لوڈ نہیں ہو سکے۔,Naye kaam load nahi ho sake.,
workerOfferCount,Ustaad,"{count, plural, =1{{count} offer} other{{count} offers}}",{count} آفرز,{count} offers,Placeholders: {count} | ICU plural — keep the plural syntax intact
workerDirectHireNote,Ustaad,The client can hire you directly. No offer needed.,کلائنٹ آپ کو براہِ راست ہائر کر سکتا ہے۔ آفر بھیجنے کی ضرورت نہیں۔,Client aap ko seedha hire kar sakta hai. Koi offer bhejne ki zaroorat nahi.,
workerListedJob,Ustaad,Listed Job,درج شدہ کام,Listed Job,
workerOfferSent,Ustaad,Offer sent,آفر بھیج دی,Offer bhej di,
workerNoNewJobs,Ustaad,No new jobs right now,اس وقت کوئی نیا کام نہیں,Is waqt koi naya kaam nahi,
workerNoNewJobsHint,Ustaad,New job requests matching your skills will appear here. Pull down to refresh.,آپ کی مہارت کے مطابق نئے کام یہاں نظر آئیں گے۔ ریفریش کرنے کے لیے نیچے کھینچیں۔,Aap ki skill ke mutabiq naye kaam yahan nazar aayenge. Refresh ke liye neeche kheenchein.,
workerCompleteProfileForJobs,Ustaad,Complete your profile. Once it is approved you can manage your jobs.,اپنی پروفائل مکمل کریں۔ منظوری کے بعد آپ اپنے کام سنبھال سکیں گے۔,Apni profile complete karain. Approval ke baad aap apni jobs manage kar sakenge.,
workerJobsLoadFailed,Ustaad,Failed to load jobs. Please try again.,کام لوڈ نہیں ہو سکے۔ دوبارہ کوشش کریں۔,Jobs load nahi ho sake. Dobara koshish karein.,
workerClientCancelledBooking,Ustaad,The client cancelled this booking,کلائنٹ نے یہ بکنگ منسوخ کر دی,Client ne ye booking cancel kar di,
workerOnlyInspectionCompleted,Ustaad,Only the inspection was completed,صرف انسپیکشن مکمل ہوئی,Sirf Inspection Mukammal Hui,
workerComplete,Ustaad,Complete,مکمل کریں,Complete,
workerCompleting,Ustaad,Completing...,مکمل کیا جا رہا ہے...,Complete ho raha hai...,
workerMarkCompletedTitle,Ustaad,Mark as Completed?,مکمل شدہ نشان زد کریں؟,Mukammal mark karein?,
workerMarkCompletedBody,Ustaad,This will close the job and notify the client.,اس سے کام بند ہو جائے گا اور کلائنٹ کو اطلاع مل جائے گی۔,Is se kaam band ho jayega aur client ko ittila mil jayegi.,
workerNoActiveJobs,Ustaad,No active jobs,کوئی جاری کام نہیں,Koi jari kaam nahi,
workerNoCompletedJobs,Ustaad,No completed jobs yet,ابھی کوئی مکمل کام نہیں,Abhi koi mukammal kaam nahi,
workerNoCancelledJobs,Ustaad,No cancelled jobs,کوئی منسوخ کام نہیں,Koi cancel kaam nahi,
workerNoJobsAssigned,Ustaad,No jobs assigned yet,ابھی کوئی کام نہیں ملا,Abhi koi kaam nahi mila,
workerNewRequestsHere,Ustaad,New requests will appear here,نئی درخواستیں یہاں نظر آئیں گی,Nayi requests yahan nazar aayengi,
workerCompletedJobsHere,Ustaad,Completed jobs will show up here,مکمل کام یہاں نظر آئیں گے,Mukammal kaam yahan nazar aayenge,
workerCancelledJobsHere,Ustaad,Cancelled jobs will show up here,منسوخ کام یہاں نظر آئیں گے,Cancel kaam yahan nazar aayenge,
workerAcceptToGetStarted,Ustaad,Accept a booking request to get started,شروع کرنے کے لیے کوئی بکنگ قبول کریں,Shuru karne ke liye koi booking accept karein,
workerFilterCancelled,Ustaad,Cancelled,منسوخ,Cancel,
workerFilterAllWork,Ustaad,All Work,سارا کام,Sab Kaam,
workerFilterMyOffers,Ustaad,My Offers,میری آفرز,Meri Offers,
workerFilterNoOfferSent,Ustaad,No offer sent,آفر نہیں بھیجی,Offer nahi bheji,
bidPlaceABid,Bidding,Place a Bid,بولی لگائیں,Bid lagayein,
bidChatWithClient,Bidding,Chat with Client,کلائنٹ سے چیٹ کریں,Client se chat karein,
bidLiveBids,Bidding,Live Bids,لائیو بولیاں,Live Bids,
bidAreaNotAvailable,Bidding,Area not available,علاقہ دستیاب نہیں,Ilaqa available nahi,
bidExactAddressAfterAccept,Bidding,The exact address is shared once the client accepts your bid.,کلائنٹ کے آپ کی بولی قبول کرنے پر مکمل پتہ بھیج دیا جاتا ہے۔,Client ke aap ki bid accept karne par poora pata bhej diya jata hai.,
bidStatusAccepted,Bidding,Accepted,منظور,Accept,
bidStatusRejected,Bidding,Rejected,مسترد,Reject,
bidStatusPending,Bidding,Pending,زیرِ التوا,Pending,
bidYourCurrentBid,Bidding,Your Current Bid,آپ کی موجودہ بولی,Aap ki mojooda bid,
bidSubmit,Bidding,Submit Bid,بولی بھیجیں,Bid bhejein,
bidUpdate,Bidding,Update Bid,بولی اپ ڈیٹ کریں,Bid update karein,
bidPlaceYourBid,Bidding,Place Your Bid,اپنی بولی لگائیں,Apni bid lagayein,
bidUpdateYourBid,Bidding,Update Your Bid,اپنی بولی اپ ڈیٹ کریں,Apni bid update karein,
bidCanUpdateIn,Bidding,You can update your bid in {seconds}s.,آپ {seconds} سیکنڈ بعد بولی اپ ڈیٹ کر سکتے ہیں۔,Aap {seconds}s baad bid update kar sakte hain.,Placeholders: {seconds}
bidCanUpdateNow,Bidding,You can update your bid now.,آپ ابھی اپنی بولی اپ ڈیٹ کر سکتے ہیں۔,Aap abhi apni bid update kar sakte hain.,
bidAmountLabel,Bidding,Bid Amount (PKR) *,بولی کی رقم (PKR) *,Bid Amount (PKR) *,
bidAmountHint,Bidding,e.g. 2500,مثلاً 2500,Maslan 2500,
bidLabelWithCountdown,Bidding,{label} ({seconds}s),{label} ({seconds}s),{label} ({seconds}s),"Placeholders: {label}, {seconds}"
bidJobCount,Bidding,"{count, plural, =1{{count} job} other{{count} jobs}}",{count} کام,{count} jobs,Placeholders: {count} | ICU plural — keep the plural syntax intact
bidBeFirstToBid,Bidding,Be the first to bid on this job,اس کام پر سب سے پہلے بولی لگائیں,Is kaam par sab se pehle bid lagayein,
earningBidding,Earnings,Bidding,بولی,Bidding,
earningHistoryTitle,Earnings,Earning History,کمائی کی تفصیل,Earning History,
earningNoneYet,Earnings,No earnings yet,ابھی کوئی کمائی نہیں,Abhi koi kamai nahi,
earningNoneHint,Earnings,Completed jobs will show up here with your daily earnings.,مکمل کام یہاں آپ کی روزانہ کمائی کے ساتھ نظر آئیں گے۔,Mukammal kaam yahan aap ki rozana kamai ke sath nazar aayenge.,
reviewsMyReviews,Reviews & ratings,My Reviews,میرے ریویوز,Mere Reviews,
reviewsCount,Reviews & ratings,"{count, plural, =1{{count} review} other{{count} reviews}}",{count} ریویوز,{count} reviews,Placeholders: {count} | ICU plural — keep the plural syntax intact
reviewsSubtitle,Reviews & ratings,Reviews from clients for jobs you completed,آپ کے مکمل کیے گئے کاموں پر کلائنٹس کے ریویوز,Aap ke mukammal kaamon par clients ke reviews,
reviewsAvg,Reviews & ratings,Avg,اوسط,Avg,
reviewsMax,Reviews & ratings,Max,زیادہ سے زیادہ,Max,
reviewsMin,Reviews & ratings,Min,کم سے کم,Min,
reviewsEmptyHint,Reviews & ratings,"Once clients review your completed jobs,
their reviews will appear here.","جب کلائنٹس آپ کے مکمل کاموں پر ریویو دیں گے،
وہ یہاں نظر آئیں گے۔","Jab clients aap ke mukammal kaamon par review denge,
wo yahan nazar aayenge.",
reviewsRatingSummary,Reviews & ratings,"{rating} · {count, plural, =1{{count} review} other{{count} reviews}}",{rating} · {count} ریویوز,{rating} · {count} reviews,"Placeholders: {count}, {rating} | ICU plural — keep the plural syntax intact"
reviewsHighestLowest,Reviews & ratings,Highest: {max} ★  ·  Lowest: {min} ★,زیادہ سے زیادہ: {max} ★  ·  کم سے کم: {min} ★,Highest: {max} ★  ·  Lowest: {min} ★,"Placeholders: {max}, {min}"
inspFormChooseFromGallery,Uncategorised,Choose from Gallery,گیلری سے منتخب کریں,Gallery se chunain,
inspFormSubmitted,Uncategorised,Report submitted. Waiting for client decision.,رپورٹ جمع ہو گئی۔ کلائنٹ کے فیصلے کا انتظار ہے۔,Report jama ho gayi. Client ke faisle ka intezar hai.,
inspFormSubmitFailed,Uncategorised,Failed to submit report.,رپورٹ جمع نہیں ہو سکی۔,Report jama nahi ho saki.,
inspFormWhatWasIssue,Uncategorised,What was the issue?,مسئلہ کیا نکلا؟,Masla kya nikla?,
inspFormWhatWasIssueRequired,Uncategorised,What was the issue? *,مسئلہ کیا نکلا؟ *,Masla kya nikla? *,
inspFormRecommendedRepair,Uncategorised,Recommended repair,تجویز کردہ مرمت,Recommended repair,
inspFormRecommendedRepairRequired,Uncategorised,Recommended repair *,تجویز کردہ مرمت *,Recommended repair *,
inspFormWhatWorkNeeded,Uncategorised,What work will be needed,کیا کام کرنا ہوگا,Kya kaam karna hoga,
inspFormWriteOrRecord,Uncategorised,Please write the report or record a voice note.,براہِ کرم رپورٹ لکھیں یا وائس نوٹ ریکارڈ کریں۔,Barah-e-karam report likhein ya voice note record karein.,
inspFormPartsRequired,Uncategorised,Parts required?,پرزے درکار ہیں؟,Parts chahiye?,
inspFormAddPart,Uncategorised,Add part,پرزہ شامل کریں,Part shamil karein,
inspFormUstaadNotes,Uncategorised,Ustaad notes,استاد کے نوٹس,Ustaad ke notes,
inspFormSubmitReport,Uncategorised,Submit report,رپورٹ جمع کریں,Report submit karain,
inspFormIssuePhotos,Uncategorised,"Issue photos — optional, max {max}",مسئلے کی تصاویر — اختیاری، زیادہ سے زیادہ {max},"Masle ki photos — optional, max {max}",Placeholders: {max}
inspFormVoiceNote,Uncategorised,Voice note,وائس نوٹ,Voice note,
inspFormVoiceNoteHint,Uncategorised,"If writing is difficult, record a voice note instead.",اگر لکھنا مشکل ہو تو وائس نوٹ ریکارڈ کر دیں۔,"Agar likhna mushkil ho, voice note record kar dein.",
inspFormRecording,Uncategorised,Recording  {duration},ریکارڈنگ  {duration},Recording  {duration},Placeholders: {duration}
inspFormStop,Uncategorised,Stop,روکیں,Stop,
inspFormStartRecording,Uncategorised,Start recording,ریکارڈنگ شروع کریں,Recording shuru karein,
inspFormPartNameHint,Uncategorised,e.g. Gas refill,مثلاً گیس ری فل,Maslan Gas refill,
inspFormWarrantyHint,Uncategorised,e.g. 7 days,مثلاً 7 دن,Maslan 7 din,
inspFormRemovePart,Uncategorised,Remove part,پرزہ ہٹائیں,Part hatayein,
inspFormTotalAmount,Uncategorised,Total amount for the work,کام کی پوری رقم,Kam ki puri raqam,
inspFormFeeWaivedNote,Uncategorised,"If the customer continues with the repair, the inspection fee will not be charged.",اگر کسٹمر مرمت جاری رکھواتا ہے تو انسپیکشن فیس نہیں لی جائے گی۔,Agar customer repair continue karwata hai to inspection fee nhi deni hogi.,
inspHintElectrical,Uncategorised,"e.g. switch is broken, wire is shorted...",مثلاً سوئچ خراب ہے، تار شارٹ ہے...,"Misal: switch kharab hai, wire short hai...",
inspHintPlumbing,Uncategorised,"e.g. pipe is leaking, drain is blocked...",مثلاً پائپ لیک ہے، ڈرین بلاک ہے...,"Misal: pipe leak hai, drain block hai...",
inspHintAc,Uncategorised,"e.g. AC is not cooling, gas leak...",مثلاً اے سی ٹھنڈا نہیں کر رہا، گیس لیک ہے...,"Misal: AC cooling nahi kar raha, gas leak hai...",
inspHintCarpentry,Uncategorised,"e.g. door does not close properly, hinge is broken...",مثلاً دروازہ ٹھیک سے بند نہیں ہوتا، قبضہ ٹوٹ گیا...,"Misal: darwaza theek se band nahi hota, hinge toot gaya...",
workerCompleteProfile,Ustaad,Complete Profile,پروفائل مکمل کریں,Profile mukammal karein,
workerApprovalRequired,Ustaad,Profile approval is required before you can receive jobs.,کام ملنے سے پہلے پروفائل کی منظوری ضروری ہے۔,Kaam milne se pehle profile ki manzoori zaroori hai.,
workerCompleteProfileDetails,Ustaad,Complete your profile details.,اپنی پروفائل کی تفصیلات مکمل کریں۔,Apni profile ki details complete karain.,
workerCompleteProfileWhy,Ustaad,You can only apply for or be hired for jobs once your profile is complete.,پروفائل مکمل ہونے کے بعد ہی آپ کاموں کے لیے اپلائی یا ہائر ہو سکیں گے۔,Profile complete honay ke baad hi aap jobs ke liye apply ya hire ho sakenge.,
earningJobsCompleted,Earnings,"{count, plural, =1{{count} job completed} other{{count} jobs completed}}",{count} کام مکمل,{count} jobs completed,Placeholders: {count} | ICU plural — keep the plural syntax intact
bookingStatusLive,Bookings / Status labels,Live,جاری,Jaari,Booking badge: posted or work underway
bookingStatusAssigned,Bookings / Status labels,Assigned,مقرر,Assign,Booking badge: an Ustaad has taken the job
bookingStatusCompleted,Bookings / Status labels,Completed,مکمل,Mukammal,
bookingStatusExpired,Bookings / Status labels,Expired,ختم,Khatam,
jobStatusEnRoute,Worker jobs / Status labels,En Route,راستے میں,Raaste Mein,
jobStatusInProgress,Worker jobs / Status labels,In Progress,کام جاری,Kaam Jaari,
l10nFallbackProbe,Localization self-test,English fallback works,,,Intentionally untranslated: proves the English fallback | Intentionally left untranslated in app_ur.arb and app_ur_Latn.arb. Proves a missing key falls back to English rather than rendering blank or Urdu script on a Roman Urdu screen. Never shown in the UI; asserted by arb_parity_test.dart.
workerJobDetailsTitle,Ustaad,Job Details,کام کی تفصیل,Kaam Ki Tafseel,
workerJobLoadFailed,Ustaad,Failed to load job.,کام لوڈ نہیں ہو سکا۔,Kaam load nahi ho saka.,
workerStandardDirectHireNote,Ustaad,This is a Standard job. The client can hire you directly — you do not need to send an offer.,یہ ایک اسٹینڈرڈ کام ہے۔ کلائنٹ آپ کو براہِ راست ہائر کر سکتا ہے — آفر بھیجنے کی ضرورت نہیں۔,Yeh ek Standard kaam hai. Client aap ko seedha hire kar sakta hai — offer bhejne ki zaroorat nahi.,
workerBidNow,Ustaad,Bid Now,ابھی بولی لگائیں,Abhi Bid Lagayein,
workerReportSubmittedWaiting,Ustaad,Report submitted. Waiting for the client to accept the quote or close after inspection.,رپورٹ بھیج دی گئی۔ کلائنٹ کے کوٹ قبول کرنے یا انسپیکشن کے بعد کام بند کرنے کا انتظار ہے۔,Report bhej di gayi. Client ke quote accept karne ya inspection ke baad kaam band karne ka intezaar hai.,
workerClientSection,Ustaad,Client,کلائنٹ,Client,
workerPostedBy,Ustaad,Posted by,کام دینے والا,Kaam dene wala,
workerCategoryLabel,Ustaad,Category,کیٹیگری,Category,
workerTitleLabel,Ustaad,Title,عنوان,Unwan,
workerTimeSlotLabel,Ustaad,Time Slot,وقت کا سلاٹ,Waqt ka slot,
workerTimelineSection,Ustaad,Timeline,ٹائم لائن,Timeline,
workerTimelineScheduled,Ustaad,Scheduled,طے شدہ,Tay shuda,
workerTimelineStarted,Ustaad,Started,شروع ہوا,Shuru hua,
workerEstimatedLabel,Ustaad,Estimated,تخمینہ,Takhmeena,
workerFeeStatusLabel,Ustaad,Status,اسٹیٹس,Status,
workerCancelJob,Ustaad,Cancel Job,کام منسوخ کریں,Kaam cancel karein,
workerCancelJobTitle,Ustaad,Cancel this job?,یہ کام منسوخ کریں؟,Ye kaam cancel karein?,
workerCancelJobBody,Ustaad,Please tell the client why you are cancelling.,براہِ کرم کلائنٹ کو بتائیں کہ آپ کیوں منسوخ کر رہے ہیں۔,Baraye meherbani client ko batayein ke aap kyun cancel kar rahe hain.,
workerCancelOwnReasonHint,Ustaad,Write your own reason (required),اپنی وجہ لکھیں (لازمی),Apni wajah likhein (zaroori),
workerKeepJob,Ustaad,Keep Job,کام رکھیں,Kaam rakhein,
workerYesCancel,Ustaad,"Yes, cancel",جی ہاں، منسوخ کریں,"Ji haan, cancel karein",
workerCancelReasonEmergency,Ustaad,An emergency came up,ایمرجنسی آ گئی,Emergency aa gayi,
workerCancelReasonTooFar,Ustaad,The location is too far,جگہ بہت دور ہے,Location bohat door hai,
workerCancelReasonNoTools,Ustaad,Required tools or parts are not available,ضروری اوزار یا پرزے دستیاب نہیں,Zaroori tools ya parts available nahi,
workerCancelReasonSchedule,Ustaad,Time or schedule issue,وقت یا شیڈول کا مسئلہ,Waqt ya schedule ka issue,
workerCancelReasonCustomer,Ustaad,Customer or site related issue,کسٹمر یا جگہ سے متعلق مسئلہ,Customer ya site se mutaliq issue,
workerCancelReasonOther,Ustaad,Other,دیگر,Deegar,
workerAttachmentsVideos,Ustaad,Videos,ویڈیوز,Videos,
workerAttachmentsVoiceNotes,Ustaad,Voice Notes,وائس نوٹس,Voice notes,
workerStatusHistory,Ustaad,Status History,اسٹیٹس کی تاریخ,Status ki history,
workerMarkAsCompleted,Ustaad,Mark as Completed,مکمل شدہ نشان زد کریں,Mukammal mark karein,
workerClientReview,Ustaad,Client Review,کلائنٹ کا ریویو,Client ka review,
workerReviewRatingOutOfFive,Ustaad,{rating}/5,{rating}/5,{rating}/5,Placeholders: {rating} | Numeric rating shown next to the stars. Stays Latin digits in every language.
workerApproximateArea,Ustaad,Approximate area: {city},تخمینی علاقہ: {city},Takhmeeni ilaqa: {city},Placeholders: {city} | City comes from the backend and is never translated.
workerApproximateAreaUnavailable,Ustaad,Approximate area not available,تخمینی علاقہ دستیاب نہیں,Takhmeeni ilaqa available nahi,
workerDistanceLabel,Ustaad,Distance: {distance},فاصلہ: {distance},Faasla: {distance},"Placeholders: {distance} | {distance} is an already-formatted distance string such as ""250 m away""."
workerExactAddressAfterHire,Ustaad,The exact address and map become visible once you are hired for this job.,اس کام کے لیے ہائر ہونے کے بعد ہی صحیح پتہ اور نقشہ نظر آئے گا۔,Is kaam ke liye hire hone ke baad hi sahi address aur map nazar aayega.,
workerRoadRouteNotConfigured,Ustaad,Road route is not configured yet. Opening Google Maps for navigation.,روڈ روٹ ابھی سیٹ نہیں ہوا۔ راستے کے لیے گوگل میپس کھولا جا رہا ہے۔,Road route abhi set nahi hua. Raaste ke liye Google Maps khola ja raha hai.,
workerLocationPermissionDenied,Ustaad,Location permission denied.,لوکیشن کی اجازت نہیں دی گئی۔,Location ki ijazat nahi di gayi.,
workerDirectionsLocationFailed,Ustaad,Unable to get your location for directions.,راستے کے لیے آپ کی لوکیشن نہیں مل سکی۔,Raaste ke liye aap ki location nahi mil saki.,
workerArrivedAtJobLocation,Ustaad,You have arrived at the job location.,آپ کام کی جگہ پہنچ گئے ہیں۔,Aap kaam ki jagah pahunch gaye hain.,
workerYourLocation,Ustaad,Your Location,آپ کی لوکیشن,Aap ki location,
workerCityLabel,Ustaad,City,شہر,Sheher,
workerClientAddress,Ustaad,Client Address,کلائنٹ کا پتہ,Client ka address,
workerPinnedJobLocation,Ustaad,Pinned Job Location,نقشے پر لگی کام کی جگہ,Map par lagi kaam ki jagah,
workerPinnedOnMap,Ustaad,Pinned on map,نقشے پر لگا ہوا,Map par laga hua,
workerGettingLocation,Ustaad,Getting location...,لوکیشن لی جا رہی ہے...,Location li ja rahi hai...,
workerDirections,Ustaad,Directions,راستہ,Raasta,
workerOpenInMaps,Ustaad,Open in Maps,میپس میں کھولیں,Maps mein kholein,
workerDirectionsActive,Ustaad,Directions active,راستہ چل رہا ہے,Raasta chal raha hai,
workerUploadFailed,Ustaad,Upload failed. Please try again.,اپ لوڈ نہیں ہو سکا۔ دوبارہ کوشش کریں۔,Upload nahi ho saka. Dobara koshish karein.,
workerCompleteHighlightedFields,Ustaad,Please complete the highlighted fields below.,براہِ کرم نیچے نشان زد خانے مکمل کریں۔,Baraye meherbani neeche nishan zad khane mukammal karein.,
workerProfileSaveFailed,Ustaad,Failed to save profile. Please try again.,پروفائل محفوظ نہیں ہو سکی۔ دوبارہ کوشش کریں۔,Profile save nahi ho saki. Dobara koshish karein.,
workerProfileSubmitted,Ustaad,Profile submitted for approval.,پروفائل منظوری کے لیے بھیج دی گئی۔,Profile manzoori ke liye bhej di gayi.,
workerCompleteAllRequired,Ustaad,Please complete all required fields before submitting.,بھیجنے سے پہلے تمام ضروری خانے مکمل کریں۔,Bhejne se pehle tamam zaroori khane mukammal karein.,
workerProfileLoadFailed,Ustaad,Failed to load profile.,پروفائل لوڈ نہیں ہو سکی۔,Profile load nahi ho saki.,
workerFullLegalName,Ustaad,Full Legal Name,مکمل قانونی نام,Mukammal qanooni naam,
workerLegalNameHint,Ustaad,As written on your CNIC,جیسا آپ کے شناختی کارڈ پر لکھا ہے,Jaisa aap ke CNIC par likha hai,
workerLegalNameRequired,Ustaad,Full legal name is required.,مکمل قانونی نام ضروری ہے۔,Mukammal qanooni naam zaroori hai.,
workerCnicNumber,Ustaad,CNIC Number,شناختی کارڈ نمبر,CNIC number,
workerCnicInvalid,Ustaad,Enter CNIC like 12345-1234567-1,شناختی کارڈ اس طرح لکھیں: 12345-1234567-1,CNIC is tarah likhein: 12345-1234567-1,
workerMainSkill,Ustaad,Main Skill,بنیادی ہنر,Buniyadi hunar,
workerMainSkillNotSelected,Ustaad,Not selected,منتخب نہیں کیا گیا,Muntakhab nahi kiya gaya,
workerChangeSkill,Ustaad,Change,تبدیل کریں,Tabdeel karein,
workerMainSkillRequired,Ustaad,Please select your main skill.,براہِ کرم اپنا بنیادی ہنر منتخب کریں۔,Baraye meherbani apna buniyadi hunar muntakhab karein.,
workerExperienceYears,Ustaad,Experience in Years,تجربہ (سالوں میں),Tajurba (saalon mein),
workerExperienceHint,Ustaad,e.g. 3,مثلاً 3,misal ke taur par 3,
workerExperienceInvalid,Ustaad,Enter a valid number of years (0 or more).,سالوں کی درست تعداد لکھیں (0 یا اس سے زیادہ)۔,Saalon ki durust tadaad likhein (0 ya us se ziyada).,
workerResidentialAddress,Ustaad,Residential Address,رہائشی پتہ,Rihaishi address,
workerResidentialAddressHint,Ustaad,"House #, street, area, city",مکان نمبر، گلی، علاقہ، شہر,"Makan number, gali, ilaqa, sheher",
workerResidentialAddressRequired,Ustaad,Residential address is required.,رہائشی پتہ ضروری ہے۔,Rihaishi address zaroori hai.,
workerIdentityDocuments,Ustaad,Identity Documents,شناختی دستاویزات,Shanakhti dastawezat,
workerCnicFront,Ustaad,CNIC Front,شناختی کارڈ کا اگلا رخ,CNIC ka agla rukh,
workerCnicBack,Ustaad,CNIC Back,شناختی کارڈ کا پچھلا رخ,CNIC ka pichla rukh,
workerLiveSelfie,Ustaad,Live Selfie,لائیو سیلفی,Live selfie,
workerDocumentRequired,Ustaad,Required,ضروری ہے,Zaroori hai,
workerAgreements,Ustaad,Agreements,معاہدے,Muahiday,
workerConfirmLegalName,Ustaad,I confirm my legal name matches my CNIC.,میں تصدیق کرتا ہوں کہ میرا قانونی نام میرے شناختی کارڈ کے مطابق ہے۔,Main tasdeeq karta hoon ke mera qanooni naam mere CNIC ke mutabiq hai.,
workerAcceptGeneralAgreement,Ustaad,I accept the General Ustaad Agreement.,میں جنرل استاد معاہدہ قبول کرتا ہوں۔,Main General Ustaad muahida qabool karta hoon.,
workerAcceptGeneralAgreementVersioned,Ustaad,I accept the General Ustaad Agreement (v{version}).,میں جنرل استاد معاہدہ (v{version}) قبول کرتا ہوں۔,Main General Ustaad muahida (v{version}) qabool karta hoon.,Placeholders: {version} | {version} is the backend agreement version and stays Latin in every language.
workerAcceptTradeAgreement,Ustaad,I accept the Trade-specific Agreement.,میں ہنر سے متعلق معاہدہ قبول کرتا ہوں۔,Main hunar se mutaliq muahida qabool karta hoon.,
workerAcceptTradeAgreementVersioned,Ustaad,I accept the Trade-specific Agreement (v{version}).,میں ہنر سے متعلق معاہدہ (v{version}) قبول کرتا ہوں۔,Main hunar se mutaliq muahida (v{version}) qabool karta hoon.,Placeholders: {version} | {version} is the backend agreement version and stays Latin in every language.
workerViewAgreement,Ustaad,View Agreement,معاہدہ دیکھیں,Muahida dekhein,
workerConfirmationRequired,Ustaad,This confirmation is required.,یہ تصدیق ضروری ہے۔,Ye tasdeeq zaroori hai.,
workerSubmitForApproval,Ustaad,Submit for Approval,منظوری کے لیے بھیجیں,Manzoori ke liye bhejein,
workerAgreementFallbackTitle,Ustaad,Agreement,معاہدہ,Muahida,
workerAgreementVersion,Ustaad,Version {version},ورژن {version},Version {version},Placeholders: {version} | {version} is the backend agreement version and stays Latin in every language.
workerAgreementSelectSkillFirst,Ustaad,Select your main skill first to load this agreement.,یہ معاہدہ دیکھنے کے لیے پہلے اپنا بنیادی ہنر منتخب کریں۔,Ye muahida dekhne ke liye pehle apna buniyadi hunar muntakhab karein.,
workerCloseDialog,Ustaad,Close,بند کریں,Band karein,
workerOnboardingSubmitted,Ustaad,Submitted for Review,جائزے کے لیے بھیج دی گئی,Jaizey ke liye bhej di gayi,
workerOnboardingChangesRequired,Ustaad,Changes Required,تبدیلیاں درکار ہیں,Tabdeeliyan darkar hain,
workerOnboardingApproved,Ustaad,Approved,منظور شدہ,Manzoor shuda,
workerOnboardingDraft,Ustaad,Draft,مسودہ,Draft,
workerRoleBadge,Ustaad,Ustaad,استاد,Ustaad,
workerMainSkillWithName,Ustaad,Main Skill: {skill},بنیادی ہنر: {skill},Buniyadi hunar: {skill},Placeholders: {skill} | {skill} is the backend category name and is never translated.
workerNoMainSkillYet,Ustaad,No main skill selected yet,ابھی کوئی بنیادی ہنر منتخب نہیں کیا گیا,Abhi koi buniyadi hunar muntakhab nahi kiya gaya,
workerProfileApproval,Ustaad,Profile Approval,پروفائل کی منظوری,Profile ki manzoori,
inspHintFallback,Uncategorised,e.g. Gas leak — a refill is needed,مثلاً گیس لیک ہے — ری فل کرانا ہو گا,Misal: gas leak hai — refill karana ho ga,Issue-example hint shown when the booking's service category has no hint of its own.
bidAmountRequired,Bidding,Please enter a bid amount.,براہِ کرم بولی کی رقم لکھیں۔,Baraye meherbani bid ki raqam likhein.,
bidAmountRange,Bidding,"Bid amount must be between 100 and 500,000.","بولی کی رقم 100 سے 500,000 کے درمیان ہونی چاہیے۔","Bid ki raqam 100 se 500,000 ke darmiyan honi chahiye.",
bidSubmitted,Bidding,Bid submitted!,بولی بھیج دی گئی!,Bid bhej di gayi!,
bidSubmitFailed,Bidding,Failed to submit bid.,بولی نہیں بھیجی جا سکی۔,Bid nahi bheji ja saki.,
workerViewJobDetails,Ustaad,View Details,تفصیل دیکھیں,Tafseel dekhein,
workerSendOffer,Ustaad,Send Offer,آفر بھیجیں,Offer bhejein,
workerChangeOffer,Ustaad,Change Offer,آفر بدلیں,Offer badlein,
workerOnboardingSubmittedBody,Ustaad,Your profile is with the admin for review.,آپ کی پروفائل ایڈمن کے جائزے میں ہے۔,Aap ki profile admin ke jaizey mein hai.,
workerOnboardingChangesRequiredBody,Ustaad,Your profile needs changes — see the details.,آپ کی پروفائل میں تبدیلی درکار ہے — تفصیل دیکھیں۔,Aap ki profile mein tabdeeli darkar hai — tafseel dekhein.,
workerOnboardingRejectedBody,Ustaad,Your profile was rejected — see the reason.,آپ کی پروفائل مسترد ہو گئی — وجہ دیکھیں۔,Aap ki profile mustarad ho gayi — wajah dekhein.,
workerProfileIncomplete,Ustaad,Profile Incomplete,پروفائل نامکمل,Profile namukammal,
inspFormLabourCostRequired,Uncategorised,Labour cost *,مزدوری کی لاگت *,Mazdoori ki laagat *,
inspFormNotesOptional,Uncategorised,Notes (optional),نوٹس (اختیاری),Notes (ikhtiyari),
inspFormPartName,Uncategorised,Part name,پرزے کا نام,Purze ka naam,
inspFormQty,Uncategorised,Qty,تعداد,Tadaad,
inspFormUnitPrice,Uncategorised,Unit price,فی عدد قیمت,Fi adad qeemat,
inspFormWarrantyOptional,Uncategorised,Warranty / guarantee (optional),وارنٹی / گارنٹی (اختیاری),Warranty / guarantee (ikhtiyari),
inspFormPartsTotal,Uncategorised,Parts total,پرزوں کی کل رقم,Purzon ki kul raqam,
inspFormLabour,Uncategorised,Labour,مزدوری,Mazdoori,
inspFormMicPermanentlyDenied,Uncategorised,Microphone access is permanently denied. Enable it in Settings.,مائیکروفون کی اجازت مستقل بند ہے۔ اسے سیٹنگز میں آن کریں۔,Microphone ki ijazat mustaqil band hai. Ise Settings mein on karein.,
inspFormMicDenied,Uncategorised,Microphone permission denied.,مائیکروفون کی اجازت نہیں دی گئی۔,Microphone ki ijazat nahi di gayi.,
errorTimeout,Core / Errors,The connection timed out. Please try again.,کنکشن کا وقت ختم ہو گیا۔ دوبارہ کوشش کریں۔,Connection ka waqt khatam ho gaya. Dobara koshish karein.,Request timed out (Dio connect/send/receive timeout)
errorRequestCancelled,Core / Errors,The request was cancelled.,درخواست منسوخ کر دی گئی۔,Request cancel kar di gayi.,The app cancelled an in-flight request
errorInvalidRequest,Core / Errors,Some details are not correct. Please check them and try again.,کچھ تفصیلات درست نہیں ہیں۔ انہیں دیکھ کر دوبارہ کوشش کریں۔,Kuch tafseelat theek nahi hain. Inhein check kar ke dobara koshish karein.,HTTP 400 with no message from the backend
errorSessionExpired,Core / Errors,Your session has expired. Please log in again.,آپ کا سیشن ختم ہو گیا ہے۔ دوبارہ لاگ اِن کریں۔,Aap ka session khatam ho gaya hai. Dobara login karein.,HTTP 401 - the refresh token is gone too
errorForbidden,Core / Errors,You do not have permission for this action.,آپ کو اس کام کی اجازت نہیں ہے۔,Aap ko is kaam ki ijazat nahi hai.,HTTP 403
errorNotFound,Core / Errors,This is no longer available.,یہ اب دستیاب نہیں ہے۔,Yeh ab available nahi hai.,HTTP 404 - the booking/bid/profile is gone
errorConflict,Core / Errors,This has already been updated. Please refresh and try again.,یہ پہلے ہی اپ ڈیٹ ہو چکا ہے۔ ریفریش کر کے دوبارہ کوشش کریں۔,Yeh pehle hi update ho chuka hai. Refresh kar ke dobara koshish karein.,HTTP 409 with no message from the backend
errorTooManyRequests,Core / Errors,Too many attempts. Please wait a moment and try again.,بہت زیادہ کوششیں ہو گئی ہیں۔ تھوڑی دیر بعد دوبارہ کوشش کریں۔,Bohot zyada koshishein ho gayi hain. Thori dair baad dobara koshish karein.,HTTP 429 - rate limited
errorServer,Core / Errors,Server error. Please try again later.,سرور میں مسئلہ ہے۔ کچھ دیر بعد دوبارہ کوشش کریں۔,Server mein masla hai. Kuch dair baad dobara koshish karein.,HTTP 5xx
errorSmsSendFailed,Core / Errors,The SMS could not be sent. Please try again.,ایس ایم ایس نہیں بھیجا جا سکا۔ دوبارہ کوشش کریں۔,SMS bhejne mein masla hua. Dobara koshish karein.,Backend SMS provider could not deliver the OTP
errorInspectorBusy,Core / Errors,The inspecting Ustaad is busy on another job right now. Please choose another Ustaad from the list below.,معائنہ کرنے والا استاد ابھی دوسرے کام میں مصروف ہے۔ نیچے سے کوئی اور استاد منتخب کریں۔,Inspection karne wala Ustaad abhi doosre kaam mein masroof hai. Neeche se koi aur Ustaad choose karein.,Backend code INSPECTOR_BUSY on a rehire attempt
errorPhoneIsWorker,Core / Errors,This mobile number is already registered as an Ustaad account.,یہ موبائل نمبر پہلے سے استاد اکاؤنٹ کے ساتھ رجسٹرڈ ہے۔,Ye mobile number Ustaad account ke saath registered hai.,Backend code PHONE_IS_WORKER
errorPhoneIsClient,Core / Errors,This mobile number is already registered as a Client account.,یہ موبائل نمبر پہلے سے کلائنٹ اکاؤنٹ کے ساتھ رجسٹرڈ ہے۔,Ye number Client account ke saath registered hai.,Backend code PHONE_IS_CLIENT
errorUnknown,Core / Errors,Something went wrong. Please try again.,کچھ گڑبڑ ہو گئی۔ دوبارہ کوشش کریں۔,Kuch masla ho gaya. Dobara koshish karein.,Last-resort wording when nothing more specific is known
authForgotPasswordTitle,Authentication,"Forgot your
password?","پاس ورڈ بھول
گئے؟","Password bhool
gaye?","Forgot-password screen, step 1 heading"
authSetNewPasswordTitle,Authentication,"Set a new
password","نیا پاس ورڈ
سیٹ کریں","Naya password
set karein","Forgot-password screen, step 2 heading"
authEnterCodeSentToNumber,Authentication,Enter the code sent to your number.,اپنے نمبر پر بھیجا گیا کوڈ درج کریں۔,Apne number par bheja gaya code darj karein.,"Forgot-password screen, step 2 subtitle"
authForgotPasswordClientOnly,Authentication,For Client accounts only. A code will be sent to the registered number.,صرف کلائنٹ اکاؤنٹ کے لیے۔ رجسٹرڈ نمبر پر کوڈ بھیجا جائے گا۔,Sirf Client account ke liye. Registered number par code bheja jayega.,Client forgot-password screen subtitle
authForgotPasswordWorkerOnly,Authentication,For Ustaad accounts only. A code will be sent to the registered number.,صرف استاد اکاؤنٹ کے لیے۔ رجسٹرڈ نمبر پر کوڈ بھیجا جائے گا۔,Sirf Ustaad account ke liye. Registered number par code bheja jayega.,Ustaad forgot-password screen subtitle
authErrorCodeSendFailed,Authentication,The code could not be sent.,کوڈ نہیں بھیجا جا سکا۔,Code bhejne mein masla hua.,Snackbar when an OTP request fails
authErrorPasswordChangeFailed,Authentication,The password could not be changed.,پاس ورڈ تبدیل نہیں ہو سکا۔,Password badal nahi saka.,Snackbar when a password reset fails
authErrorLoginFailed,Authentication,Could not log you in.,لاگ اِن نہیں ہو سکا۔,Login nahi ho saka.,Snackbar when a login attempt fails
authErrorRegisterFailed,Authentication,The account could not be created.,اکاؤنٹ نہیں بن سکا۔,Account nahi ban saka.,Snackbar when Ustaad registration fails
authLoginWithOtp,Authentication,Log In With OTP,او ٹی پی سے لاگ اِن کریں,OTP se login karein,Ustaad login button once the code has been sent
authHintExampleFullName,Authentication,Muhammad Ali Khan,محمد علی خان,Muhammad Ali Khan,Example name shown as the full-name field hint
notificationsBannerFallbackTitle,Notifications,Notification,اطلاع,Notification,In-app banner title when the payload carries none
legalEnglishOnlyNotice,Legal,This legal document is currently available in English only.,یہ قانونی دستاویز فی الحال صرف انگریزی میں دستیاب ہے۔,Yeh qanooni document filhal sirf English mein available hai.,"Shown above the Privacy Policy and Terms bodies, which are approved in English only"
myBookingsTotalCount,Uncategorised,{count} total,کل {count},Kul {count},Placeholders: {count} | Pill above the bookings list showing how many there are
workerBidJobFallbackTitle,Ustaad,Job,کام,Kaam,Heading on the bid screen when the job title was not passed through
